name_1,time_1,p50_1,p75_1,p95_1,p99_1,name_2,time_2,p50_2,p75_2,p95_2,p99_2
data_intensive,2017-07-22T09:32:00Z,0,0,0,0,data_intensive_vm,2017-07-22T14:50:00Z,9,9,9,9
data_intensive,2017-07-22T09:32:01Z,0,0,0,0,data_intensive_vm,2017-07-22T14:50:01Z,9,9,10,10
data_intensive,2017-07-22T09:32:02Z,0,0,0,0,data_intensive_vm,2017-07-22T14:50:02Z,9,9,9,9
data_intensive,2017-07-22T09:32:03Z,0,0,0,0,data_intensive_vm,2017-07-22T14:50:03Z,9,9,10,10
data_intensive,2017-07-22T09:32:04Z,0,0,0,0,data_intensive_vm,2017-07-22T14:50:04Z,9,9,10,10
data_intensive,2017-07-22T09:32:05Z,0,0,0,0,data_intensive_vm,2017-07-22T14:50:05Z,9,9,10,10
data_intensive,2017-07-22T09:32:06Z,21547,22968,22968,22968,data_intensive_vm,2017-07-22T14:50:06Z,9,9,9,9
data_intensive,2017-07-22T09:32:07Z,0,0,0,0,data_intensive_vm,2017-07-22T14:50:07Z,10,10,10,10
data_intensive,2017-07-22T09:32:08Z,0,0,0,0,data_intensive_vm,2017-07-22T14:50:08Z,9,9,10,10
data_intensive,2017-07-22T09:32:09Z,0,0,0,0,data_intensive_vm,2017-07-22T14:50:09Z,9,9,9,9
data_intensive,2017-07-22T09:32:10Z,0,0,0,0,data_intensive_vm,2017-07-22T14:50:10Z,9,9,10,10
data_intensive,2017-07-22T09:32:11Z,0,0,0,0,data_intensive_vm,2017-07-22T14:50:11Z,9,9,10,10
data_intensive,2017-07-22T09:32:12Z,12984,18281,18281,18281,data_intensive_vm,2017-07-22T14:50:12Z,10,10,10,10
data_intensive,2017-07-22T09:32:13Z,0,0,0,0,data_intensive_vm,2017-07-22T14:50:13Z,9,9,15,15
data_intensive,2017-07-22T09:32:14Z,0,0,0,0,data_intensive_vm,2017-07-22T14:50:14Z,9,9,10,10
data_intensive,2017-07-22T09:32:15Z,0,0,0,0,data_intensive_vm,2017-07-22T14:50:15Z,9,9,14,14
data_intensive,2017-07-22T09:32:16Z,0,0,0,0,data_intensive_vm,2017-07-22T14:50:16Z,9,9,9,9
data_intensive,2017-07-22T09:32:17Z,23204,23204,23204,23204,data_intensive_vm,2017-07-22T14:50:17Z,10,10,10,10
data_intensive,2017-07-22T09:32:18Z,21454,21454,21454,21454,data_intensive_vm,2017-07-22T14:50:18Z,9,10,10,10
data_intensive,2017-07-22T09:32:19Z,0,0,0,0,data_intensive_vm,2017-07-22T14:50:19Z,10,10,10,10
data_intensive,2017-07-22T09:32:20Z,0,0,0,0,data_intensive_vm,2017-07-22T14:50:20Z,9,9,10,10
data_intensive,2017-07-22T09:32:21Z,0,0,0,0,data_intensive_vm,2017-07-22T14:50:21Z,10,10,13,13
data_intensive,2017-07-22T09:32:22Z,0,0,0,0,data_intensive_vm,2017-07-22T14:50:22Z,1065,1065,1065,1065
data_intensive,2017-07-22T09:32:23Z,0,0,0,0,data_intensive_vm,2017-07-22T14:50:23Z,9,10,10,10
data_intensive,2017-07-22T09:32:24Z,0,0,0,0,data_intensive_vm,2017-07-22T14:50:24Z,9,9,10,10
data_intensive,2017-07-22T09:32:25Z,0,0,0,0,data_intensive_vm,2017-07-22T14:50:25Z,9,9,9,9
data_intensive,2017-07-22T09:32:26Z,0,0,0,0,data_intensive_vm,2017-07-22T14:50:26Z,9,9,10,10
data_intensive,2017-07-22T09:32:27Z,0,0,0,0,data_intensive_vm,2017-07-22T14:50:27Z,10,290,290,290
data_intensive,2017-07-22T09:32:28Z,0,0,0,0,data_intensive_vm,2017-07-22T14:50:28Z,9,9,10,10
data_intensive,2017-07-22T09:32:29Z,0,0,0,0,data_intensive_vm,2017-07-22T14:50:29Z,10,10,11,11
data_intensive,2017-07-22T09:32:30Z,0,0,0,0,data_intensive_vm,2017-07-22T14:50:30Z,10,10,10,10
data_intensive,2017-07-22T09:32:31Z,0,0,0,0,data_intensive_vm,2017-07-22T14:50:31Z,9,9,9,9
data_intensive,2017-07-22T09:32:32Z,0,0,0,0,data_intensive_vm,2017-07-22T14:50:32Z,1219,1219,1219,1219
data_intensive,2017-07-22T09:32:33Z,0,0,0,0,data_intensive_vm,2017-07-22T14:50:33Z,9,9,9,9
data_intensive,2017-07-22T09:32:34Z,0,0,0,0,data_intensive_vm,2017-07-22T14:50:34Z,9,9,10,10
data_intensive,2017-07-22T09:32:35Z,0,0,0,0,data_intensive_vm,2017-07-22T14:50:35Z,9,9,10,10
data_intensive,2017-07-22T09:32:36Z,0,0,0,0,data_intensive_vm,2017-07-22T14:50:36Z,9,9,9,9
data_intensive,2017-07-22T09:32:37Z,0,0,0,0,data_intensive_vm,2017-07-22T14:50:37Z,10,10,10,10
data_intensive,2017-07-22T09:32:38Z,0,0,0,0,data_intensive_vm,2017-07-22T14:50:38Z,9,9,9,9
data_intensive,2017-07-22T09:32:39Z,29464,29464,29464,29464,data_intensive_vm,2017-07-22T14:50:39Z,9,9,9,9
data_intensive,2017-07-22T09:32:40Z,28462,28462,28462,28462,data_intensive_vm,2017-07-22T14:50:40Z,9,9,10,10
data_intensive,2017-07-22T09:32:41Z,0,0,0,0,data_intensive_vm,2017-07-22T14:50:41Z,10,10,11,11
data_intensive,2017-07-22T09:32:42Z,0,0,0,0,data_intensive_vm,2017-07-22T14:50:42Z,10,10,10,10
data_intensive,2017-07-22T09:32:43Z,0,0,0,0,data_intensive_vm,2017-07-22T14:50:43Z,10,10,10,10
data_intensive,2017-07-22T09:32:44Z,0,0,0,0,data_intensive_vm,2017-07-22T14:50:44Z,9,9,10,10
data_intensive,2017-07-22T09:32:45Z,0,0,0,0,data_intensive_vm,2017-07-22T14:50:45Z,9,9,13,13
data_intensive,2017-07-22T09:32:46Z,0,0,0,0,data_intensive_vm,2017-07-22T14:50:46Z,9,9,10,10
data_intensive,2017-07-22T09:32:47Z,0,0,0,0,data_intensive_vm,2017-07-22T14:50:47Z,9,863,863,863
data_intensive,2017-07-22T09:32:48Z,0,0,0,0,data_intensive_vm,2017-07-22T14:50:48Z,9,9,9,9
data_intensive,2017-07-22T09:32:49Z,0,0,0,0,data_intensive_vm,2017-07-22T14:50:49Z,10,10,10,10
data_intensive,2017-07-22T09:32:50Z,0,0,0,0,data_intensive_vm,2017-07-22T14:50:50Z,9,9,10,10
data_intensive,2017-07-22T09:32:51Z,0,0,0,0,data_intensive_vm,2017-07-22T14:50:51Z,9,9,9,9
data_intensive,2017-07-22T09:32:52Z,0,0,0,0,data_intensive_vm,2017-07-22T14:50:52Z,10,10,1132,1132
data_intensive,2017-07-22T09:32:53Z,0,0,0,0,data_intensive_vm,2017-07-22T14:50:53Z,0,0,0,0
data_intensive,2017-07-22T09:32:54Z,0,0,0,0,data_intensive_vm,2017-07-22T14:50:54Z,9,9,10,10
data_intensive,2017-07-22T09:32:55Z,0,0,0,0,data_intensive_vm,2017-07-22T14:50:55Z,10,10,10,10
data_intensive,2017-07-22T09:32:56Z,0,0,0,0,data_intensive_vm,2017-07-22T14:50:56Z,10,10,11,11
data_intensive,2017-07-22T09:32:57Z,0,0,0,0,data_intensive_vm,2017-07-22T14:50:57Z,9,9,10,10
data_intensive,2017-07-22T09:32:58Z,0,0,0,0,data_intensive_vm,2017-07-22T14:50:58Z,10,10,10,10
data_intensive,2017-07-22T09:32:59Z,0,0,0,0,data_intensive_vm,2017-07-22T14:50:59Z,10,10,11,11
data_intensive,2017-07-22T09:33:00Z,0,0,0,0,data_intensive_vm,2017-07-22T14:51:00Z,9,10,10,10
data_intensive,2017-07-22T09:33:01Z,0,0,0,0,data_intensive_vm,2017-07-22T14:51:01Z,9,10,10,10
data_intensive,2017-07-22T09:33:02Z,0,0,0,0,data_intensive_vm,2017-07-22T14:51:02Z,9,10,10,10
data_intensive,2017-07-22T09:33:03Z,0,0,0,0,data_intensive_vm,2017-07-22T14:51:03Z,10,10,11,11
data_intensive,2017-07-22T09:33:04Z,0,0,0,0,data_intensive_vm,2017-07-22T14:51:04Z,10,10,10,10
data_intensive,2017-07-22T09:33:05Z,0,0,0,0,data_intensive_vm,2017-07-22T14:51:05Z,9,9,10,10
data_intensive,2017-07-22T09:33:06Z,0,0,0,0,data_intensive_vm,2017-07-22T14:51:06Z,10,10,10,10
data_intensive,2017-07-22T09:33:07Z,10016,13859,13859,13859,data_intensive_vm,2017-07-22T14:51:07Z,10,10,10,10
data_intensive,2017-07-22T09:33:08Z,0,0,0,0,data_intensive_vm,2017-07-22T14:51:08Z,10,10,96,96
data_intensive,2017-07-22T09:33:09Z,0,0,0,0,data_intensive_vm,2017-07-22T14:51:09Z,9,9,10,10
data_intensive,2017-07-22T09:33:10Z,0,0,0,0,data_intensive_vm,2017-07-22T14:51:10Z,10,10,10,10
data_intensive,2017-07-22T09:33:11Z,0,0,0,0,data_intensive_vm,2017-07-22T14:51:11Z,9,9,10,10
data_intensive,2017-07-22T09:33:12Z,15174,21518,21518,21518,data_intensive_vm,2017-07-22T14:51:12Z,9,9,10,10
data_intensive,2017-07-22T09:33:13Z,0,0,0,0,data_intensive_vm,2017-07-22T14:51:13Z,991,991,991,991
data_intensive,2017-07-22T09:33:14Z,0,0,0,0,data_intensive_vm,2017-07-22T14:51:14Z,9,10,10,10
data_intensive,2017-07-22T09:33:15Z,0,0,0,0,data_intensive_vm,2017-07-22T14:51:15Z,9,9,10,10
data_intensive,2017-07-22T09:33:16Z,19504,19504,19504,19504,data_intensive_vm,2017-07-22T14:51:16Z,10,10,10,10
data_intensive,2017-07-22T09:33:17Z,12235,12235,12235,12235,data_intensive_vm,2017-07-22T14:51:17Z,10,10,10,10
data_intensive,2017-07-22T09:33:18Z,0,0,0,0,data_intensive_vm,2017-07-22T14:51:18Z,9,14,14,14
data_intensive,2017-07-22T09:33:19Z,0,0,0,0,data_intensive_vm,2017-07-22T14:51:19Z,9,9,9,9
data_intensive,2017-07-22T09:33:20Z,0,0,0,0,data_intensive_vm,2017-07-22T14:51:20Z,10,10,10,10
data_intensive,2017-07-22T09:33:21Z,0,0,0,0,data_intensive_vm,2017-07-22T14:51:21Z,9,578,578,578
data_intensive,2017-07-22T09:33:22Z,0,0,0,0,data_intensive_vm,2017-07-22T14:51:22Z,10,10,11,11
data_intensive,2017-07-22T09:33:23Z,20065,25110,25110,25110,data_intensive_vm,2017-07-22T14:51:23Z,10,10,10,10
data_intensive,2017-07-22T09:33:24Z,0,0,0,0,data_intensive_vm,2017-07-22T14:51:24Z,9,9,9,9
data_intensive,2017-07-22T09:33:25Z,0,0,0,0,data_intensive_vm,2017-07-22T14:51:25Z,9,10,10,10
data_intensive,2017-07-22T09:33:26Z,0,0,0,0,data_intensive_vm,2017-07-22T14:51:26Z,10,10,10,10
data_intensive,2017-07-22T09:33:27Z,0,0,0,0,data_intensive_vm,2017-07-22T14:51:27Z,9,9,10,10
data_intensive,2017-07-22T09:33:28Z,0,0,0,0,data_intensive_vm,2017-07-22T14:51:28Z,10,10,12,12
data_intensive,2017-07-22T09:33:29Z,0,0,0,0,data_intensive_vm,2017-07-22T14:51:29Z,10,10,10,10
data_intensive,2017-07-22T09:33:30Z,9703,13862,13862,13862,data_intensive_vm,2017-07-22T14:51:30Z,9,9,9,9
data_intensive,2017-07-22T09:33:31Z,0,0,0,0,data_intensive_vm,2017-07-22T14:51:31Z,9,9,10,10
data_intensive,2017-07-22T09:33:32Z,0,0,0,0,data_intensive_vm,2017-07-22T14:51:32Z,9,9,10,10
data_intensive,2017-07-22T09:33:33Z,0,0,0,0,data_intensive_vm,2017-07-22T14:51:33Z,9,1235,1235,1235
data_intensive,2017-07-22T09:33:34Z,0,0,0,0,data_intensive_vm,2017-07-22T14:51:34Z,9,9,9,9
data_intensive,2017-07-22T09:33:35Z,0,0,0,0,data_intensive_vm,2017-07-22T14:51:35Z,9,9,9,9
data_intensive,2017-07-22T09:33:36Z,0,0,0,0,data_intensive_vm,2017-07-22T14:51:36Z,9,11,11,11
data_intensive,2017-07-22T09:33:37Z,13952,17238,17238,17238,data_intensive_vm,2017-07-22T14:51:37Z,9,10,10,10
data_intensive,2017-07-22T09:33:38Z,0,0,0,0,data_intensive_vm,2017-07-22T14:51:38Z,10,10,10,10
data_intensive,2017-07-22T09:33:39Z,0,0,0,0,data_intensive_vm,2017-07-22T14:51:39Z,9,9,9,9
data_intensive,2017-07-22T09:33:40Z,0,0,0,0,data_intensive_vm,2017-07-22T14:51:40Z,10,10,10,10
data_intensive,2017-07-22T09:33:41Z,0,0,0,0,data_intensive_vm,2017-07-22T14:51:41Z,10,10,10,10
data_intensive,2017-07-22T09:33:42Z,0,0,0,0,data_intensive_vm,2017-07-22T14:51:42Z,10,10,10,10
data_intensive,2017-07-22T09:33:43Z,0,0,0,0,data_intensive_vm,2017-07-22T14:51:43Z,10,10,10,10
data_intensive,2017-07-22T09:33:44Z,26565,28189,28189,28189,data_intensive_vm,2017-07-22T14:51:44Z,10,10,13,13
data_intensive,2017-07-22T09:33:45Z,0,0,0,0,data_intensive_vm,2017-07-22T14:51:45Z,9,9,10,10
data_intensive,2017-07-22T09:33:46Z,0,0,0,0,data_intensive_vm,2017-07-22T14:51:46Z,10,10,10,10
data_intensive,2017-07-22T09:33:47Z,0,0,0,0,data_intensive_vm,2017-07-22T14:51:47Z,9,9,10,10
data_intensive,2017-07-22T09:33:48Z,0,0,0,0,data_intensive_vm,2017-07-22T14:51:48Z,10,10,310,310
data_intensive,2017-07-22T09:33:49Z,0,0,0,0,data_intensive_vm,2017-07-22T14:51:49Z,9,10,10,10
data_intensive,2017-07-22T09:33:50Z,18423,18423,18423,18423,data_intensive_vm,2017-07-22T14:51:50Z,9,9,10,10
data_intensive,2017-07-22T09:33:51Z,22689,22689,22689,22689,data_intensive_vm,2017-07-22T14:51:51Z,9,9,10,10
data_intensive,2017-07-22T09:33:52Z,0,0,0,0,data_intensive_vm,2017-07-22T14:51:52Z,10,10,10,10
data_intensive,2017-07-22T09:33:53Z,0,0,0,0,data_intensive_vm,2017-07-22T14:51:53Z,10,10,1263,1263
data_intensive,2017-07-22T09:33:54Z,0,0,0,0,data_intensive_vm,2017-07-22T14:51:54Z,0,0,0,0
data_intensive,2017-07-22T09:33:55Z,0,0,0,0,data_intensive_vm,2017-07-22T14:51:55Z,10,10,10,10
data_intensive,2017-07-22T09:33:56Z,0,0,0,0,data_intensive_vm,2017-07-22T14:51:56Z,9,9,10,10
data_intensive,2017-07-22T09:33:57Z,0,0,0,0,data_intensive_vm,2017-07-22T14:51:57Z,10,10,10,10
data_intensive,2017-07-22T09:33:58Z,0,0,0,0,data_intensive_vm,2017-07-22T14:51:58Z,10,10,10,10
data_intensive,2017-07-22T09:33:59Z,0,0,0,0,data_intensive_vm,2017-07-22T14:51:59Z,9,9,11,11
data_intensive,2017-07-22T09:34:00Z,16907,16907,16907,16907,data_intensive_vm,2017-07-22T14:52:00Z,10,10,12,12
data_intensive,2017-07-22T09:34:01Z,0,0,0,0,data_intensive_vm,2017-07-22T14:52:01Z,10,10,10,10
data_intensive,2017-07-22T09:34:02Z,0,0,0,0,data_intensive_vm,2017-07-22T14:52:02Z,9,9,10,10
data_intensive,2017-07-22T09:34:03Z,0,0,0,0,data_intensive_vm,2017-07-22T14:52:03Z,9,9,10,10
data_intensive,2017-07-22T09:34:04Z,0,0,0,0,data_intensive_vm,2017-07-22T14:52:04Z,10,10,10,10
data_intensive,2017-07-22T09:34:05Z,0,0,0,0,data_intensive_vm,2017-07-22T14:52:05Z,9,9,10,10
data_intensive,2017-07-22T09:34:06Z,0,0,0,0,data_intensive_vm,2017-07-22T14:52:06Z,9,9,9,9
data_intensive,2017-07-22T09:34:07Z,0,0,0,0,data_intensive_vm,2017-07-22T14:52:07Z,9,9,9,9
data_intensive,2017-07-22T09:34:08Z,0,0,0,0,data_intensive_vm,2017-07-22T14:52:08Z,9,9,10,10
data_intensive,2017-07-22T09:34:09Z,0,0,0,0,data_intensive_vm,2017-07-22T14:52:09Z,10,10,15,15
data_intensive,2017-07-22T09:34:10Z,0,0,0,0,data_intensive_vm,2017-07-22T14:52:10Z,10,10,10,10
data_intensive,2017-07-22T09:34:11Z,0,0,0,0,data_intensive_vm,2017-07-22T14:52:11Z,9,9,9,9
data_intensive,2017-07-22T09:34:12Z,0,0,0,0,data_intensive_vm,2017-07-22T14:52:12Z,9,9,10,10
data_intensive,2017-07-22T09:34:13Z,0,0,0,0,data_intensive_vm,2017-07-22T14:52:13Z,9,9,11,11
data_intensive,2017-07-22T09:34:14Z,0,0,0,0,data_intensive_vm,2017-07-22T14:52:14Z,1013,1013,1013,1013
data_intensive,2017-07-22T09:34:15Z,0,0,0,0,data_intensive_vm,2017-07-22T14:52:15Z,9,10,10,10
data_intensive,2017-07-22T09:34:16Z,0,0,0,0,data_intensive_vm,2017-07-22T14:52:16Z,10,10,10,10
data_intensive,2017-07-22T09:34:17Z,0,0,0,0,data_intensive_vm,2017-07-22T14:52:17Z,9,9,9,9
data_intensive,2017-07-22T09:34:18Z,0,0,0,0,data_intensive_vm,2017-07-22T14:52:18Z,9,13,13,13
data_intensive,2017-07-22T09:34:19Z,0,0,0,0,data_intensive_vm,2017-07-22T14:52:19Z,9,9,10,10
data_intensive,2017-07-22T09:34:20Z,0,0,0,0,data_intensive_vm,2017-07-22T14:52:20Z,9,9,10,10
data_intensive,2017-07-22T09:34:21Z,0,0,0,0,data_intensive_vm,2017-07-22T14:52:21Z,10,10,10,10
data_intensive,2017-07-22T09:34:22Z,0,0,0,0,data_intensive_vm,2017-07-22T14:52:22Z,9,9,9,9
data_intensive,2017-07-22T09:34:23Z,0,0,0,0,data_intensive_vm,2017-07-22T14:52:23Z,9,9,10,10
data_intensive,2017-07-22T09:34:24Z,0,0,0,0,data_intensive_vm,2017-07-22T14:52:24Z,9,9,10,10
data_intensive,2017-07-22T09:34:25Z,0,0,0,0,data_intensive_vm,2017-07-22T14:52:25Z,9,9,10,10
data_intensive,2017-07-22T09:34:26Z,0,0,0,0,data_intensive_vm,2017-07-22T14:52:26Z,10,10,10,10
data_intensive,2017-07-22T09:34:27Z,0,0,0,0,data_intensive_vm,2017-07-22T14:52:27Z,9,9,10,10
data_intensive,2017-07-22T09:34:28Z,0,0,0,0,data_intensive_vm,2017-07-22T14:52:28Z,9,9,10,10
data_intensive,2017-07-22T09:34:29Z,0,0,0,0,data_intensive_vm,2017-07-22T14:52:29Z,10,10,11,11
data_intensive,2017-07-22T09:34:30Z,0,0,0,0,data_intensive_vm,2017-07-22T14:52:30Z,9,9,11,11
data_intensive,2017-07-22T09:34:31Z,0,0,0,0,data_intensive_vm,2017-07-22T14:52:31Z,9,9,10,10
data_intensive,2017-07-22T09:34:32Z,0,0,0,0,data_intensive_vm,2017-07-22T14:52:32Z,9,9,9,9
data_intensive,2017-07-22T09:34:33Z,0,0,0,0,data_intensive_vm,2017-07-22T14:52:33Z,9,9,10,10
data_intensive,2017-07-22T09:34:34Z,0,0,0,0,data_intensive_vm,2017-07-22T14:52:34Z,9,587,587,587
data_intensive,2017-07-22T09:34:35Z,0,0,0,0,data_intensive_vm,2017-07-22T14:52:35Z,9,9,9,9
data_intensive,2017-07-22T09:34:36Z,0,0,0,0,data_intensive_vm,2017-07-22T14:52:36Z,9,10,10,10
data_intensive,2017-07-22T09:34:37Z,0,0,0,0,data_intensive_vm,2017-07-22T14:52:37Z,9,9,9,9
data_intensive,2017-07-22T09:34:38Z,0,0,0,0,data_intensive_vm,2017-07-22T14:52:38Z,9,9,9,9
data_intensive,2017-07-22T09:34:39Z,0,0,0,0,data_intensive_vm,2017-07-22T14:52:39Z,10,10,12,12
data_intensive,2017-07-22T09:34:40Z,0,0,0,0,data_intensive_vm,2017-07-22T14:52:40Z,9,9,9,9
data_intensive,2017-07-22T09:34:41Z,0,0,0,0,data_intensive_vm,2017-07-22T14:52:41Z,10,10,11,11
data_intensive,2017-07-22T09:34:42Z,0,0,0,0,data_intensive_vm,2017-07-22T14:52:42Z,8,8,9,9
data_intensive,2017-07-22T09:34:43Z,17030,23718,23718,23718,data_intensive_vm,2017-07-22T14:52:43Z,9,9,10,10
data_intensive,2017-07-22T09:34:44Z,0,0,0,0,data_intensive_vm,2017-07-22T14:52:44Z,10,10,12,12
data_intensive,2017-07-22T09:34:45Z,0,0,0,0,data_intensive_vm,2017-07-22T14:52:45Z,10,251,251,251
data_intensive,2017-07-22T09:34:46Z,17437,25420,25420,25420,data_intensive_vm,2017-07-22T14:52:46Z,10,10,10,10
data_intensive,2017-07-22T09:34:47Z,0,0,0,0,data_intensive_vm,2017-07-22T14:52:47Z,9,9,10,10
data_intensive,2017-07-22T09:34:48Z,0,0,0,0,data_intensive_vm,2017-07-22T14:52:48Z,9,9,10,10
data_intensive,2017-07-22T09:34:49Z,0,0,0,0,data_intensive_vm,2017-07-22T14:52:49Z,10,10,10,10
data_intensive,2017-07-22T09:34:50Z,0,0,0,0,data_intensive_vm,2017-07-22T14:52:50Z,1342,1342,1342,1342
data_intensive,2017-07-22T09:34:51Z,0,0,0,0,data_intensive_vm,2017-07-22T14:52:51Z,9,9,9,9
data_intensive,2017-07-22T09:34:52Z,0,0,0,0,data_intensive_vm,2017-07-22T14:52:52Z,9,9,10,10
data_intensive,2017-07-22T09:34:53Z,0,0,0,0,data_intensive_vm,2017-07-22T14:52:53Z,10,10,10,10
data_intensive,2017-07-22T09:34:54Z,0,0,0,0,data_intensive_vm,2017-07-22T14:52:54Z,10,10,13,13
data_intensive,2017-07-22T09:34:55Z,28374,30575,30575,30575,data_intensive_vm,2017-07-22T14:52:55Z,9,9,10,10
data_intensive,2017-07-22T09:34:56Z,0,0,0,0,data_intensive_vm,2017-07-22T14:52:56Z,9,9,10,10
data_intensive,2017-07-22T09:34:57Z,0,0,0,0,data_intensive_vm,2017-07-22T14:52:57Z,9,9,11,11
data_intensive,2017-07-22T09:34:58Z,0,0,0,0,data_intensive_vm,2017-07-22T14:52:58Z,9,9,10,10
data_intensive,2017-07-22T09:34:59Z,0,0,0,0,data_intensive_vm,2017-07-22T14:52:59Z,10,10,10,10
data_intensive,2017-07-22T09:35:00Z,0,0,0,0,data_intensive_vm,2017-07-22T14:53:00Z,10,10,10,10
data_intensive,2017-07-22T09:35:01Z,0,0,0,0,data_intensive_vm,2017-07-22T14:53:01Z,10,10,10,10
data_intensive,2017-07-22T09:35:02Z,0,0,0,0,data_intensive_vm,2017-07-22T14:53:02Z,9,9,9,9
data_intensive,2017-07-22T09:35:03Z,0,0,0,0,data_intensive_vm,2017-07-22T14:53:03Z,9,9,9,9
data_intensive,2017-07-22T09:35:04Z,0,0,0,0,data_intensive_vm,2017-07-22T14:53:04Z,9,9,10,10
data_intensive,2017-07-22T09:35:05Z,0,0,0,0,data_intensive_vm,2017-07-22T14:53:05Z,9,582,582,582
data_intensive,2017-07-22T09:35:06Z,0,0,0,0,data_intensive_vm,2017-07-22T14:53:06Z,9,10,10,10
data_intensive,2017-07-22T09:35:07Z,0,0,0,0,data_intensive_vm,2017-07-22T14:53:07Z,9,9,9,9
data_intensive,2017-07-22T09:35:08Z,0,0,0,0,data_intensive_vm,2017-07-22T14:53:08Z,10,10,10,10
data_intensive,2017-07-22T09:35:09Z,0,0,0,0,data_intensive_vm,2017-07-22T14:53:09Z,9,9,10,10
data_intensive,2017-07-22T09:35:10Z,0,0,0,0,data_intensive_vm,2017-07-22T14:53:10Z,10,10,884,884
data_intensive,2017-07-22T09:35:11Z,0,0,0,0,data_intensive_vm,2017-07-22T14:53:11Z,0,0,0,0
data_intensive,2017-07-22T09:35:12Z,0,0,0,0,data_intensive_vm,2017-07-22T14:53:12Z,9,9,9,9
data_intensive,2017-07-22T09:35:13Z,0,0,0,0,data_intensive_vm,2017-07-22T14:53:13Z,9,9,9,9
data_intensive,2017-07-22T09:35:14Z,22628,22628,22628,22628,data_intensive_vm,2017-07-22T14:53:14Z,10,10,13,13
data_intensive,2017-07-22T09:35:15Z,0,0,0,0,data_intensive_vm,2017-07-22T14:53:15Z,10,10,10,10
data_intensive,2017-07-22T09:35:16Z,0,0,0,0,data_intensive_vm,2017-07-22T14:53:16Z,9,9,10,10
data_intensive,2017-07-22T09:35:17Z,0,0,0,0,data_intensive_vm,2017-07-22T14:53:17Z,9,9,9,9
data_intensive,2017-07-22T09:35:18Z,0,0,0,0,data_intensive_vm,2017-07-22T14:53:18Z,10,10,11,11
data_intensive,2017-07-22T09:35:19Z,0,0,0,0,data_intensive_vm,2017-07-22T14:53:19Z,9,9,10,10
data_intensive,2017-07-22T09:35:20Z,0,0,0,0,data_intensive_vm,2017-07-22T14:53:20Z,9,9,836,836
data_intensive,2017-07-22T09:35:21Z,0,0,0,0,data_intensive_vm,2017-07-22T14:53:21Z,0,0,0,0
data_intensive,2017-07-22T09:35:22Z,0,0,0,0,data_intensive_vm,2017-07-22T14:53:22Z,9,9,10,10
data_intensive,2017-07-22T09:35:23Z,0,0,0,0,data_intensive_vm,2017-07-22T14:53:23Z,10,10,10,10
data_intensive,2017-07-22T09:35:24Z,0,0,0,0,data_intensive_vm,2017-07-22T14:53:24Z,9,9,10,10
data_intensive,2017-07-22T09:35:25Z,0,0,0,0,data_intensive_vm,2017-07-22T14:53:25Z,10,10,11,11
data_intensive,2017-07-22T09:35:26Z,0,0,0,0,data_intensive_vm,2017-07-22T14:53:26Z,985,985,985,985
data_intensive,2017-07-22T09:35:27Z,0,0,0,0,data_intensive_vm,2017-07-22T14:53:27Z,10,10,10,10
data_intensive,2017-07-22T09:35:28Z,0,0,0,0,data_intensive_vm,2017-07-22T14:53:28Z,10,10,10,10
data_intensive,2017-07-22T09:35:29Z,0,0,0,0,data_intensive_vm,2017-07-22T14:53:29Z,10,10,10,10
data_intensive,2017-07-22T09:35:30Z,0,0,0,0,data_intensive_vm,2017-07-22T14:53:30Z,9,9,14,14
data_intensive,2017-07-22T09:35:31Z,0,0,0,0,data_intensive_vm,2017-07-22T14:53:31Z,9,9,9,9
data_intensive,2017-07-22T09:35:32Z,0,0,0,0,data_intensive_vm,2017-07-22T14:53:32Z,9,9,9,9
data_intensive,2017-07-22T09:35:33Z,0,0,0,0,data_intensive_vm,2017-07-22T14:53:33Z,9,9,9,9
data_intensive,2017-07-22T09:35:34Z,0,0,0,0,data_intensive_vm,2017-07-22T14:53:34Z,9,9,10,10
data_intensive,2017-07-22T09:35:35Z,0,0,0,0,data_intensive_vm,2017-07-22T14:53:35Z,9,9,10,10
data_intensive,2017-07-22T09:35:36Z,0,0,0,0,data_intensive_vm,2017-07-22T14:53:36Z,10,10,11,11
data_intensive,2017-07-22T09:35:37Z,0,0,0,0,data_intensive_vm,2017-07-22T14:53:37Z,9,9,9,9
data_intensive,2017-07-22T09:35:38Z,0,0,0,0,data_intensive_vm,2017-07-22T14:53:38Z,9,9,9,9
data_intensive,2017-07-22T09:35:39Z,0,0,0,0,data_intensive_vm,2017-07-22T14:53:39Z,9,9,10,10
data_intensive,2017-07-22T09:35:40Z,18807,21288,21288,21288,data_intensive_vm,2017-07-22T14:53:40Z,9,9,11,11
data_intensive,2017-07-22T09:35:41Z,0,0,0,0,data_intensive_vm,2017-07-22T14:53:41Z,424,424,424,424
data_intensive,2017-07-22T09:35:42Z,0,0,0,0,data_intensive_vm,2017-07-22T14:53:42Z,10,10,10,10
data_intensive,2017-07-22T09:35:43Z,0,0,0,0,data_intensive_vm,2017-07-22T14:53:43Z,10,10,12,12
data_intensive,2017-07-22T09:35:44Z,0,0,0,0,data_intensive_vm,2017-07-22T14:53:44Z,10,10,11,11
data_intensive,2017-07-22T09:35:45Z,0,0,0,0,data_intensive_vm,2017-07-22T14:53:45Z,9,9,9,9
data_intensive,2017-07-22T09:35:46Z,0,0,0,0,data_intensive_vm,2017-07-22T14:53:46Z,9,1110,1110,1110
data_intensive,2017-07-22T09:35:47Z,0,0,0,0,data_intensive_vm,2017-07-22T14:53:47Z,9,9,9,9
data_intensive,2017-07-22T09:35:48Z,0,0,0,0,data_intensive_vm,2017-07-22T14:53:48Z,9,9,10,10
data_intensive,2017-07-22T09:35:49Z,0,0,0,0,data_intensive_vm,2017-07-22T14:53:49Z,9,9,9,9
data_intensive,2017-07-22T09:35:50Z,0,0,0,0,data_intensive_vm,2017-07-22T14:53:50Z,9,9,9,9
data_intensive,2017-07-22T09:35:51Z,0,0,0,0,data_intensive_vm,2017-07-22T14:53:51Z,10,10,10,10
data_intensive,2017-07-22T09:35:52Z,0,0,0,0,data_intensive_vm,2017-07-22T14:53:52Z,9,9,10,10
data_intensive,2017-07-22T09:35:53Z,0,0,0,0,data_intensive_vm,2017-07-22T14:53:53Z,9,9,11,11
data_intensive,2017-07-22T09:35:54Z,0,0,0,0,data_intensive_vm,2017-07-22T14:53:54Z,9,9,9,9
data_intensive,2017-07-22T09:35:55Z,11828,11828,11828,11828,data_intensive_vm,2017-07-22T14:53:55Z,9,9,12,12
data_intensive,2017-07-22T09:35:56Z,0,0,0,0,data_intensive_vm,2017-07-22T14:53:56Z,9,9,9,9
data_intensive,2017-07-22T09:35:57Z,0,0,0,0,data_intensive_vm,2017-07-22T14:53:57Z,9,9,10,10
data_intensive,2017-07-22T09:35:58Z,0,0,0,0,data_intensive_vm,2017-07-22T14:53:58Z,9,9,10,10
data_intensive,2017-07-22T09:35:59Z,15578,15578,15578,15578,data_intensive_vm,2017-07-22T14:53:59Z,10,10,10,10
data_intensive,2017-07-22T09:36:00Z,0,0,0,0,data_intensive_vm,2017-07-22T14:54:00Z,10,10,10,10
data_intensive,2017-07-22T09:36:01Z,8875,11672,11672,11672,data_intensive_vm,2017-07-22T14:54:01Z,10,10,11,11
data_intensive,2017-07-22T09:36:02Z,0,0,0,0,data_intensive_vm,2017-07-22T14:54:02Z,10,10,10,10
data_intensive,2017-07-22T09:36:03Z,0,0,0,0,data_intensive_vm,2017-07-22T14:54:03Z,10,10,10,10
data_intensive,2017-07-22T09:36:04Z,0,0,0,0,data_intensive_vm,2017-07-22T14:54:04Z,10,10,10,10
data_intensive,2017-07-22T09:36:05Z,0,0,0,0,data_intensive_vm,2017-07-22T14:54:05Z,9,9,11,11
data_intensive,2017-07-22T09:36:06Z,0,0,0,0,data_intensive_vm,2017-07-22T14:54:06Z,9,9,1015,1015
data_intensive,2017-07-22T09:36:07Z,0,0,0,0,data_intensive_vm,2017-07-22T14:54:07Z,0,0,0,0
data_intensive,2017-07-22T09:36:08Z,0,0,0,0,data_intensive_vm,2017-07-22T14:54:08Z,9,9,11,11
data_intensive,2017-07-22T09:36:09Z,0,0,0,0,data_intensive_vm,2017-07-22T14:54:09Z,10,10,10,10
data_intensive,2017-07-22T09:36:10Z,9515,10297,10297,10297,data_intensive_vm,2017-07-22T14:54:10Z,10,10,12,12
data_intensive,2017-07-22T09:36:11Z,0,0,0,0,data_intensive_vm,2017-07-22T14:54:11Z,9,9,10,10
data_intensive,2017-07-22T09:36:12Z,0,0,0,0,data_intensive_vm,2017-07-22T14:54:12Z,9,9,10,10
data_intensive,2017-07-22T09:36:13Z,0,0,0,0,data_intensive_vm,2017-07-22T14:54:13Z,10,10,12,12
data_intensive,2017-07-22T09:36:14Z,0,0,0,0,data_intensive_vm,2017-07-22T14:54:14Z,765,765,765,765
data_intensive,2017-07-22T09:36:15Z,0,0,0,0,data_intensive_vm,2017-07-22T14:54:15Z,9,10,10,10
data_intensive,2017-07-22T09:36:16Z,18244,19385,19385,19385,data_intensive_vm,2017-07-22T14:54:16Z,10,10,10,10
data_intensive,2017-07-22T09:36:17Z,0,0,0,0,data_intensive_vm,2017-07-22T14:54:17Z,10,10,10,10
data_intensive,2017-07-22T09:36:18Z,0,0,0,0,data_intensive_vm,2017-07-22T14:54:18Z,9,9,11,11
data_intensive,2017-07-22T09:36:19Z,0,0,0,0,data_intensive_vm,2017-07-22T14:54:19Z,9,9,10,10
data_intensive,2017-07-22T09:36:20Z,11549,11549,11549,11549,data_intensive_vm,2017-07-22T14:54:20Z,9,9,10,10
data_intensive,2017-07-22T09:36:21Z,9011,9011,9011,9011,data_intensive_vm,2017-07-22T14:54:21Z,9,9,10,10
data_intensive,2017-07-22T09:36:22Z,0,0,0,0,data_intensive_vm,2017-07-22T14:54:22Z,10,10,10,10
data_intensive,2017-07-22T09:36:23Z,0,0,0,0,data_intensive_vm,2017-07-22T14:54:23Z,9,9,10,10
data_intensive,2017-07-22T09:36:24Z,25656,25656,25656,25656,data_intensive_vm,2017-07-22T14:54:24Z,10,10,10,10
data_intensive,2017-07-22T09:36:25Z,25938,25938,25938,25938,data_intensive_vm,2017-07-22T14:54:25Z,9,9,15,15
data_intensive,2017-07-22T09:36:26Z,0,0,0,0,data_intensive_vm,2017-07-22T14:54:26Z,9,9,9,9
data_intensive,2017-07-22T09:36:27Z,0,0,0,0,data_intensive_vm,2017-07-22T14:54:27Z,10,821,821,821
data_intensive,2017-07-22T09:36:28Z,16250,22718,22718,22718,data_intensive_vm,2017-07-22T14:54:28Z,9,10,10,10
data_intensive,2017-07-22T09:36:29Z,0,0,0,0,data_intensive_vm,2017-07-22T14:54:29Z,10,10,11,11
data_intensive,2017-07-22T09:36:30Z,0,0,0,0,data_intensive_vm,2017-07-22T14:54:30Z,10,10,11,11
data_intensive,2017-07-22T09:36:31Z,0,0,0,0,data_intensive_vm,2017-07-22T14:54:31Z,9,9,9,9
data_intensive,2017-07-22T09:36:32Z,0,0,0,0,data_intensive_vm,2017-07-22T14:54:32Z,10,10,10,10
data_intensive,2017-07-22T09:36:33Z,0,0,0,0,data_intensive_vm,2017-07-22T14:54:33Z,9,9,9,9
data_intensive,2017-07-22T09:36:34Z,0,0,0,0,data_intensive_vm,2017-07-22T14:54:34Z,9,9,9,9
data_intensive,2017-07-22T09:36:35Z,0,0,0,0,data_intensive_vm,2017-07-22T14:54:35Z,10,10,10,10
data_intensive,2017-07-22T09:36:36Z,0,0,0,0,data_intensive_vm,2017-07-22T14:54:36Z,10,10,10,10
data_intensive,2017-07-22T09:36:37Z,0,0,0,0,data_intensive_vm,2017-07-22T14:54:37Z,10,10,10,10
data_intensive,2017-07-22T09:36:38Z,0,0,0,0,data_intensive_vm,2017-07-22T14:54:38Z,9,9,10,10
data_intensive,2017-07-22T09:36:39Z,0,0,0,0,data_intensive_vm,2017-07-22T14:54:39Z,9,9,10,10
data_intensive,2017-07-22T09:36:40Z,0,0,0,0,data_intensive_vm,2017-07-22T14:54:40Z,10,10,10,10
data_intensive,2017-07-22T09:36:41Z,0,0,0,0,data_intensive_vm,2017-07-22T14:54:41Z,10,11,11,11
data_intensive,2017-07-22T09:36:42Z,0,0,0,0,data_intensive_vm,2017-07-22T14:54:42Z,9,9,265,265
data_intensive,2017-07-22T09:36:43Z,0,0,0,0,data_intensive_vm,2017-07-22T14:54:43Z,9,9,9,9
data_intensive,2017-07-22T09:36:44Z,0,0,0,0,data_intensive_vm,2017-07-22T14:54:44Z,10,10,10,10
data_intensive,2017-07-22T09:36:45Z,0,0,0,0,data_intensive_vm,2017-07-22T14:54:45Z,10,10,10,10
data_intensive,2017-07-22T09:36:46Z,0,0,0,0,data_intensive_vm,2017-07-22T14:54:46Z,10,10,10,10
data_intensive,2017-07-22T09:36:47Z,0,0,0,0,data_intensive_vm,2017-07-22T14:54:47Z,10,799,799,799
data_intensive,2017-07-22T09:36:48Z,0,0,0,0,data_intensive_vm,2017-07-22T14:54:48Z,9,9,9,9
data_intensive,2017-07-22T09:36:49Z,0,0,0,0,data_intensive_vm,2017-07-22T14:54:49Z,9,9,10,10
data_intensive,2017-07-22T09:36:50Z,0,0,0,0,data_intensive_vm,2017-07-22T14:54:50Z,9,9,10,10
data_intensive,2017-07-22T09:36:51Z,26450,26450,26450,26450,data_intensive_vm,2017-07-22T14:54:51Z,9,9,9,9
data_intensive,2017-07-22T09:36:52Z,30274,30274,30274,30274,data_intensive_vm,2017-07-22T14:54:52Z,10,10,10,10
data_intensive,2017-07-22T09:36:53Z,0,0,0,0,data_intensive_vm,2017-07-22T14:54:53Z,9,9,10,10
data_intensive,2017-07-22T09:36:54Z,0,0,0,0,data_intensive_vm,2017-07-22T14:54:54Z,10,10,11,11
data_intensive,2017-07-22T09:36:55Z,0,0,0,0,data_intensive_vm,2017-07-22T14:54:55Z,10,10,10,10
data_intensive,2017-07-22T09:36:56Z,0,0,0,0,data_intensive_vm,2017-07-22T14:54:56Z,10,10,18,18
data_intensive,2017-07-22T09:36:57Z,0,0,0,0,data_intensive_vm,2017-07-22T14:54:57Z,10,10,10,10
data_intensive,2017-07-22T09:36:58Z,0,0,0,0,data_intensive_vm,2017-07-22T14:54:58Z,9,9,10,10
data_intensive,2017-07-22T09:36:59Z,0,0,0,0,data_intensive_vm,2017-07-22T14:54:59Z,9,9,10,10
