name_1,time_1,p50_1,p75_1,p95_1,p99_1
data_intensive,2017-07-22T09:32:00Z,0,0,0,0
data_intensive,2017-07-22T09:32:01Z,0,0,0,0
data_intensive,2017-07-22T09:32:02Z,0,0,0,0
data_intensive,2017-07-22T09:32:03Z,0,0,0,0
data_intensive,2017-07-22T09:32:04Z,0,0,0,0
data_intensive,2017-07-22T09:32:05Z,0,0,0,0
data_intensive,2017-07-22T09:32:06Z,21547,22968,22968,22968
data_intensive,2017-07-22T09:32:07Z,0,0,0,0
data_intensive,2017-07-22T09:32:08Z,0,0,0,0
data_intensive,2017-07-22T09:32:09Z,0,0,0,0
data_intensive,2017-07-22T09:32:10Z,0,0,0,0
data_intensive,2017-07-22T09:32:11Z,0,0,0,0
data_intensive,2017-07-22T09:32:12Z,12984,18281,18281,18281
data_intensive,2017-07-22T09:32:13Z,0,0,0,0
data_intensive,2017-07-22T09:32:14Z,0,0,0,0
data_intensive,2017-07-22T09:32:15Z,0,0,0,0
data_intensive,2017-07-22T09:32:16Z,0,0,0,0
data_intensive,2017-07-22T09:32:17Z,23204,23204,23204,23204
data_intensive,2017-07-22T09:32:18Z,21454,21454,21454,21454
data_intensive,2017-07-22T09:32:19Z,0,0,0,0
data_intensive,2017-07-22T09:32:20Z,0,0,0,0
data_intensive,2017-07-22T09:32:21Z,0,0,0,0
data_intensive,2017-07-22T09:32:22Z,0,0,0,0
data_intensive,2017-07-22T09:32:23Z,0,0,0,0
data_intensive,2017-07-22T09:32:24Z,0,0,0,0
data_intensive,2017-07-22T09:32:25Z,0,0,0,0
data_intensive,2017-07-22T09:32:26Z,0,0,0,0
data_intensive,2017-07-22T09:32:27Z,0,0,0,0
data_intensive,2017-07-22T09:32:28Z,0,0,0,0
data_intensive,2017-07-22T09:32:29Z,0,0,0,0
data_intensive,2017-07-22T09:32:30Z,0,0,0,0
data_intensive,2017-07-22T09:32:31Z,0,0,0,0
data_intensive,2017-07-22T09:32:32Z,0,0,0,0
data_intensive,2017-07-22T09:32:33Z,0,0,0,0
data_intensive,2017-07-22T09:32:34Z,0,0,0,0
data_intensive,2017-07-22T09:32:35Z,0,0,0,0
data_intensive,2017-07-22T09:32:36Z,0,0,0,0
data_intensive,2017-07-22T09:32:37Z,0,0,0,0
data_intensive,2017-07-22T09:32:38Z,0,0,0,0
data_intensive,2017-07-22T09:32:39Z,29464,29464,29464,29464
data_intensive,2017-07-22T09:32:40Z,28462,28462,28462,28462
data_intensive,2017-07-22T09:32:41Z,0,0,0,0
data_intensive,2017-07-22T09:32:42Z,0,0,0,0
data_intensive,2017-07-22T09:32:43Z,0,0,0,0
data_intensive,2017-07-22T09:32:44Z,0,0,0,0
data_intensive,2017-07-22T09:32:45Z,0,0,0,0
data_intensive,2017-07-22T09:32:46Z,0,0,0,0
data_intensive,2017-07-22T09:32:47Z,0,0,0,0
data_intensive,2017-07-22T09:32:48Z,0,0,0,0
data_intensive,2017-07-22T09:32:49Z,0,0,0,0
data_intensive,2017-07-22T09:32:50Z,0,0,0,0
data_intensive,2017-07-22T09:32:51Z,0,0,0,0
data_intensive,2017-07-22T09:32:52Z,0,0,0,0
data_intensive,2017-07-22T09:32:53Z,0,0,0,0
data_intensive,2017-07-22T09:32:54Z,0,0,0,0
data_intensive,2017-07-22T09:32:55Z,0,0,0,0
data_intensive,2017-07-22T09:32:56Z,0,0,0,0
data_intensive,2017-07-22T09:32:57Z,0,0,0,0
data_intensive,2017-07-22T09:32:58Z,0,0,0,0
data_intensive,2017-07-22T09:32:59Z,0,0,0,0
data_intensive,2017-07-22T09:33:00Z,0,0,0,0
data_intensive,2017-07-22T09:33:01Z,0,0,0,0
data_intensive,2017-07-22T09:33:02Z,0,0,0,0
data_intensive,2017-07-22T09:33:03Z,0,0,0,0
data_intensive,2017-07-22T09:33:04Z,0,0,0,0
data_intensive,2017-07-22T09:33:05Z,0,0,0,0
data_intensive,2017-07-22T09:33:06Z,0,0,0,0
data_intensive,2017-07-22T09:33:07Z,10016,13859,13859,13859
data_intensive,2017-07-22T09:33:08Z,0,0,0,0
data_intensive,2017-07-22T09:33:09Z,0,0,0,0
data_intensive,2017-07-22T09:33:10Z,0,0,0,0
data_intensive,2017-07-22T09:33:11Z,0,0,0,0
data_intensive,2017-07-22T09:33:12Z,15174,21518,21518,21518
data_intensive,2017-07-22T09:33:13Z,0,0,0,0
data_intensive,2017-07-22T09:33:14Z,0,0,0,0
data_intensive,2017-07-22T09:33:15Z,0,0,0,0
data_intensive,2017-07-22T09:33:16Z,19504,19504,19504,19504
data_intensive,2017-07-22T09:33:17Z,12235,12235,12235,12235
data_intensive,2017-07-22T09:33:18Z,0,0,0,0
data_intensive,2017-07-22T09:33:19Z,0,0,0,0
data_intensive,2017-07-22T09:33:20Z,0,0,0,0
data_intensive,2017-07-22T09:33:21Z,0,0,0,0
data_intensive,2017-07-22T09:33:22Z,0,0,0,0
data_intensive,2017-07-22T09:33:23Z,20065,25110,25110,25110
data_intensive,2017-07-22T09:33:24Z,0,0,0,0
data_intensive,2017-07-22T09:33:25Z,0,0,0,0
data_intensive,2017-07-22T09:33:26Z,0,0,0,0
data_intensive,2017-07-22T09:33:27Z,0,0,0,0
data_intensive,2017-07-22T09:33:28Z,0,0,0,0
data_intensive,2017-07-22T09:33:29Z,0,0,0,0
data_intensive,2017-07-22T09:33:30Z,9703,13862,13862,13862
data_intensive,2017-07-22T09:33:31Z,0,0,0,0
data_intensive,2017-07-22T09:33:32Z,0,0,0,0
data_intensive,2017-07-22T09:33:33Z,0,0,0,0
data_intensive,2017-07-22T09:33:34Z,0,0,0,0
data_intensive,2017-07-22T09:33:35Z,0,0,0,0
data_intensive,2017-07-22T09:33:36Z,0,0,0,0
data_intensive,2017-07-22T09:33:37Z,13952,17238,17238,17238
data_intensive,2017-07-22T09:33:38Z,0,0,0,0
data_intensive,2017-07-22T09:33:39Z,0,0,0,0
data_intensive,2017-07-22T09:33:40Z,0,0,0,0
data_intensive,2017-07-22T09:33:41Z,0,0,0,0
data_intensive,2017-07-22T09:33:42Z,0,0,0,0
data_intensive,2017-07-22T09:33:43Z,0,0,0,0
data_intensive,2017-07-22T09:33:44Z,26565,28189,28189,28189
data_intensive,2017-07-22T09:33:45Z,0,0,0,0
data_intensive,2017-07-22T09:33:46Z,0,0,0,0
data_intensive,2017-07-22T09:33:47Z,0,0,0,0
data_intensive,2017-07-22T09:33:48Z,0,0,0,0
data_intensive,2017-07-22T09:33:49Z,0,0,0,0
data_intensive,2017-07-22T09:33:50Z,18423,18423,18423,18423
data_intensive,2017-07-22T09:33:51Z,22689,22689,22689,22689
data_intensive,2017-07-22T09:33:52Z,0,0,0,0
data_intensive,2017-07-22T09:33:53Z,0,0,0,0
data_intensive,2017-07-22T09:33:54Z,0,0,0,0
data_intensive,2017-07-22T09:33:55Z,0,0,0,0
data_intensive,2017-07-22T09:33:56Z,0,0,0,0
data_intensive,2017-07-22T09:33:57Z,0,0,0,0
data_intensive,2017-07-22T09:33:58Z,0,0,0,0
data_intensive,2017-07-22T09:33:59Z,0,0,0,0
data_intensive,2017-07-22T09:34:00Z,16907,16907,16907,16907
data_intensive,2017-07-22T09:34:01Z,0,0,0,0
data_intensive,2017-07-22T09:34:02Z,0,0,0,0
data_intensive,2017-07-22T09:34:03Z,0,0,0,0
data_intensive,2017-07-22T09:34:04Z,0,0,0,0
data_intensive,2017-07-22T09:34:05Z,0,0,0,0
data_intensive,2017-07-22T09:34:06Z,0,0,0,0
data_intensive,2017-07-22T09:34:07Z,0,0,0,0
data_intensive,2017-07-22T09:34:08Z,0,0,0,0
data_intensive,2017-07-22T09:34:09Z,0,0,0,0
data_intensive,2017-07-22T09:34:10Z,0,0,0,0
data_intensive,2017-07-22T09:34:11Z,0,0,0,0
data_intensive,2017-07-22T09:34:12Z,0,0,0,0
data_intensive,2017-07-22T09:34:13Z,0,0,0,0
data_intensive,2017-07-22T09:34:14Z,0,0,0,0
data_intensive,2017-07-22T09:34:15Z,0,0,0,0
data_intensive,2017-07-22T09:34:16Z,0,0,0,0
data_intensive,2017-07-22T09:34:17Z,0,0,0,0
data_intensive,2017-07-22T09:34:18Z,0,0,0,0
data_intensive,2017-07-22T09:34:19Z,0,0,0,0
data_intensive,2017-07-22T09:34:20Z,0,0,0,0
data_intensive,2017-07-22T09:34:21Z,0,0,0,0
data_intensive,2017-07-22T09:34:22Z,0,0,0,0
data_intensive,2017-07-22T09:34:23Z,0,0,0,0
data_intensive,2017-07-22T09:34:24Z,0,0,0,0
data_intensive,2017-07-22T09:34:25Z,0,0,0,0
data_intensive,2017-07-22T09:34:26Z,0,0,0,0
data_intensive,2017-07-22T09:34:27Z,0,0,0,0
data_intensive,2017-07-22T09:34:28Z,0,0,0,0
data_intensive,2017-07-22T09:34:29Z,0,0,0,0
data_intensive,2017-07-22T09:34:30Z,0,0,0,0
data_intensive,2017-07-22T09:34:31Z,0,0,0,0
data_intensive,2017-07-22T09:34:32Z,0,0,0,0
data_intensive,2017-07-22T09:34:33Z,0,0,0,0
data_intensive,2017-07-22T09:34:34Z,0,0,0,0
data_intensive,2017-07-22T09:34:35Z,0,0,0,0
data_intensive,2017-07-22T09:34:36Z,0,0,0,0
data_intensive,2017-07-22T09:34:37Z,0,0,0,0
data_intensive,2017-07-22T09:34:38Z,0,0,0,0
data_intensive,2017-07-22T09:34:39Z,0,0,0,0
data_intensive,2017-07-22T09:34:40Z,0,0,0,0
data_intensive,2017-07-22T09:34:41Z,0,0,0,0
data_intensive,2017-07-22T09:34:42Z,0,0,0,0
data_intensive,2017-07-22T09:34:43Z,17030,23718,23718,23718
data_intensive,2017-07-22T09:34:44Z,0,0,0,0
data_intensive,2017-07-22T09:34:45Z,0,0,0,0
data_intensive,2017-07-22T09:34:46Z,17437,25420,25420,25420
data_intensive,2017-07-22T09:34:47Z,0,0,0,0
data_intensive,2017-07-22T09:34:48Z,0,0,0,0
data_intensive,2017-07-22T09:34:49Z,0,0,0,0
data_intensive,2017-07-22T09:34:50Z,0,0,0,0
data_intensive,2017-07-22T09:34:51Z,0,0,0,0
data_intensive,2017-07-22T09:34:52Z,0,0,0,0
data_intensive,2017-07-22T09:34:53Z,0,0,0,0
data_intensive,2017-07-22T09:34:54Z,0,0,0,0
data_intensive,2017-07-22T09:34:55Z,28374,30575,30575,30575
data_intensive,2017-07-22T09:34:56Z,0,0,0,0
data_intensive,2017-07-22T09:34:57Z,0,0,0,0
data_intensive,2017-07-22T09:34:58Z,0,0,0,0
data_intensive,2017-07-22T09:34:59Z,0,0,0,0
data_intensive,2017-07-22T09:35:00Z,0,0,0,0
data_intensive,2017-07-22T09:35:01Z,0,0,0,0
data_intensive,2017-07-22T09:35:02Z,0,0,0,0
data_intensive,2017-07-22T09:35:03Z,0,0,0,0
data_intensive,2017-07-22T09:35:04Z,0,0,0,0
data_intensive,2017-07-22T09:35:05Z,0,0,0,0
data_intensive,2017-07-22T09:35:06Z,0,0,0,0
data_intensive,2017-07-22T09:35:07Z,0,0,0,0
data_intensive,2017-07-22T09:35:08Z,0,0,0,0
data_intensive,2017-07-22T09:35:09Z,0,0,0,0
data_intensive,2017-07-22T09:35:10Z,0,0,0,0
data_intensive,2017-07-22T09:35:11Z,0,0,0,0
data_intensive,2017-07-22T09:35:12Z,0,0,0,0
data_intensive,2017-07-22T09:35:13Z,0,0,0,0
data_intensive,2017-07-22T09:35:14Z,22628,22628,22628,22628
data_intensive,2017-07-22T09:35:15Z,0,0,0,0
data_intensive,2017-07-22T09:35:16Z,0,0,0,0
data_intensive,2017-07-22T09:35:17Z,0,0,0,0
data_intensive,2017-07-22T09:35:18Z,0,0,0,0
data_intensive,2017-07-22T09:35:19Z,0,0,0,0
data_intensive,2017-07-22T09:35:20Z,0,0,0,0
data_intensive,2017-07-22T09:35:21Z,0,0,0,0
data_intensive,2017-07-22T09:35:22Z,0,0,0,0
data_intensive,2017-07-22T09:35:23Z,0,0,0,0
data_intensive,2017-07-22T09:35:24Z,0,0,0,0
data_intensive,2017-07-22T09:35:25Z,0,0,0,0
data_intensive,2017-07-22T09:35:26Z,0,0,0,0
data_intensive,2017-07-22T09:35:27Z,0,0,0,0
data_intensive,2017-07-22T09:35:28Z,0,0,0,0
data_intensive,2017-07-22T09:35:29Z,0,0,0,0
data_intensive,2017-07-22T09:35:30Z,0,0,0,0
data_intensive,2017-07-22T09:35:31Z,0,0,0,0
data_intensive,2017-07-22T09:35:32Z,0,0,0,0
data_intensive,2017-07-22T09:35:33Z,0,0,0,0
data_intensive,2017-07-22T09:35:34Z,0,0,0,0
data_intensive,2017-07-22T09:35:35Z,0,0,0,0
data_intensive,2017-07-22T09:35:36Z,0,0,0,0
data_intensive,2017-07-22T09:35:37Z,0,0,0,0
data_intensive,2017-07-22T09:35:38Z,0,0,0,0
data_intensive,2017-07-22T09:35:39Z,0,0,0,0
data_intensive,2017-07-22T09:35:40Z,18807,21288,21288,21288
data_intensive,2017-07-22T09:35:41Z,0,0,0,0
data_intensive,2017-07-22T09:35:42Z,0,0,0,0
data_intensive,2017-07-22T09:35:43Z,0,0,0,0
data_intensive,2017-07-22T09:35:44Z,0,0,0,0
data_intensive,2017-07-22T09:35:45Z,0,0,0,0
data_intensive,2017-07-22T09:35:46Z,0,0,0,0
data_intensive,2017-07-22T09:35:47Z,0,0,0,0
data_intensive,2017-07-22T09:35:48Z,0,0,0,0
data_intensive,2017-07-22T09:35:49Z,0,0,0,0
data_intensive,2017-07-22T09:35:50Z,0,0,0,0
data_intensive,2017-07-22T09:35:51Z,0,0,0,0
data_intensive,2017-07-22T09:35:52Z,0,0,0,0
data_intensive,2017-07-22T09:35:53Z,0,0,0,0
data_intensive,2017-07-22T09:35:54Z,0,0,0,0
data_intensive,2017-07-22T09:35:55Z,11828,11828,11828,11828
data_intensive,2017-07-22T09:35:56Z,0,0,0,0
data_intensive,2017-07-22T09:35:57Z,0,0,0,0
data_intensive,2017-07-22T09:35:58Z,0,0,0,0
data_intensive,2017-07-22T09:35:59Z,15578,15578,15578,15578
data_intensive,2017-07-22T09:36:00Z,0,0,0,0
data_intensive,2017-07-22T09:36:01Z,8875,11672,11672,11672
data_intensive,2017-07-22T09:36:02Z,0,0,0,0
data_intensive,2017-07-22T09:36:03Z,0,0,0,0
data_intensive,2017-07-22T09:36:04Z,0,0,0,0
data_intensive,2017-07-22T09:36:05Z,0,0,0,0
data_intensive,2017-07-22T09:36:06Z,0,0,0,0
data_intensive,2017-07-22T09:36:07Z,0,0,0,0
data_intensive,2017-07-22T09:36:08Z,0,0,0,0
data_intensive,2017-07-22T09:36:09Z,0,0,0,0
data_intensive,2017-07-22T09:36:10Z,9515,10297,10297,10297
data_intensive,2017-07-22T09:36:11Z,0,0,0,0
data_intensive,2017-07-22T09:36:12Z,0,0,0,0
data_intensive,2017-07-22T09:36:13Z,0,0,0,0
data_intensive,2017-07-22T09:36:14Z,0,0,0,0
data_intensive,2017-07-22T09:36:15Z,0,0,0,0
data_intensive,2017-07-22T09:36:16Z,18244,19385,19385,19385
data_intensive,2017-07-22T09:36:17Z,0,0,0,0
data_intensive,2017-07-22T09:36:18Z,0,0,0,0
data_intensive,2017-07-22T09:36:19Z,0,0,0,0
data_intensive,2017-07-22T09:36:20Z,11549,11549,11549,11549
data_intensive,2017-07-22T09:36:21Z,9011,9011,9011,9011
data_intensive,2017-07-22T09:36:22Z,0,0,0,0
data_intensive,2017-07-22T09:36:23Z,0,0,0,0
data_intensive,2017-07-22T09:36:24Z,25656,25656,25656,25656
data_intensive,2017-07-22T09:36:25Z,25938,25938,25938,25938
data_intensive,2017-07-22T09:36:26Z,0,0,0,0
data_intensive,2017-07-22T09:36:27Z,0,0,0,0
data_intensive,2017-07-22T09:36:28Z,16250,22718,22718,22718
data_intensive,2017-07-22T09:36:29Z,0,0,0,0
data_intensive,2017-07-22T09:36:30Z,0,0,0,0
data_intensive,2017-07-22T09:36:31Z,0,0,0,0
data_intensive,2017-07-22T09:36:32Z,0,0,0,0
data_intensive,2017-07-22T09:36:33Z,0,0,0,0
data_intensive,2017-07-22T09:36:34Z,0,0,0,0
data_intensive,2017-07-22T09:36:35Z,0,0,0,0
data_intensive,2017-07-22T09:36:36Z,0,0,0,0
data_intensive,2017-07-22T09:36:37Z,0,0,0,0
data_intensive,2017-07-22T09:36:38Z,0,0,0,0
data_intensive,2017-07-22T09:36:39Z,0,0,0,0
data_intensive,2017-07-22T09:36:40Z,0,0,0,0
data_intensive,2017-07-22T09:36:41Z,0,0,0,0
data_intensive,2017-07-22T09:36:42Z,0,0,0,0
data_intensive,2017-07-22T09:36:43Z,0,0,0,0
data_intensive,2017-07-22T09:36:44Z,0,0,0,0
data_intensive,2017-07-22T09:36:45Z,0,0,0,0
data_intensive,2017-07-22T09:36:46Z,0,0,0,0
data_intensive,2017-07-22T09:36:47Z,0,0,0,0
data_intensive,2017-07-22T09:36:48Z,0,0,0,0
data_intensive,2017-07-22T09:36:49Z,0,0,0,0
data_intensive,2017-07-22T09:36:50Z,0,0,0,0
data_intensive,2017-07-22T09:36:51Z,26450,26450,26450,26450
data_intensive,2017-07-22T09:36:52Z,30274,30274,30274,30274
data_intensive,2017-07-22T09:36:53Z,0,0,0,0
data_intensive,2017-07-22T09:36:54Z,0,0,0,0
data_intensive,2017-07-22T09:36:55Z,0,0,0,0
data_intensive,2017-07-22T09:36:56Z,0,0,0,0
data_intensive,2017-07-22T09:36:57Z,0,0,0,0
data_intensive,2017-07-22T09:36:58Z,0,0,0,0
data_intensive,2017-07-22T09:36:59Z,0,0,0,0
