name,time,count_duration,count_host,count_host_field
matrix_multiplication,2017-07-15T10:03:00Z,0,0,
matrix_multiplication,2017-07-15T10:03:01Z,0,0,
matrix_multiplication,2017-07-15T10:03:02Z,0,0,
matrix_multiplication,2017-07-15T10:03:03Z,0,0,
matrix_multiplication,2017-07-15T10:03:04Z,0,0,
matrix_multiplication,2017-07-15T10:03:05Z,0,0,
matrix_multiplication,2017-07-15T10:03:06Z,0,0,
matrix_multiplication,2017-07-15T10:03:07Z,0,0,
matrix_multiplication,2017-07-15T10:03:08Z,0,0,
matrix_multiplication,2017-07-15T10:03:09Z,0,0,
matrix_multiplication,2017-07-15T10:03:10Z,0,0,
matrix_multiplication,2017-07-15T10:03:11Z,0,0,
matrix_multiplication,2017-07-15T10:03:12Z,0,0,
matrix_multiplication,2017-07-15T10:03:13Z,0,0,
matrix_multiplication,2017-07-15T10:03:14Z,0,0,
matrix_multiplication,2017-07-15T10:03:15Z,0,0,
matrix_multiplication,2017-07-15T10:03:16Z,0,0,
matrix_multiplication,2017-07-15T10:03:17Z,0,0,
matrix_multiplication,2017-07-15T10:03:18Z,0,0,
matrix_multiplication,2017-07-15T10:03:19Z,0,0,
matrix_multiplication,2017-07-15T10:03:20Z,0,0,
matrix_multiplication,2017-07-15T10:03:21Z,0,0,
matrix_multiplication,2017-07-15T10:03:22Z,0,0,
matrix_multiplication,2017-07-15T10:03:23Z,1,1,
matrix_multiplication,2017-07-15T10:03:24Z,9,9,
matrix_multiplication,2017-07-15T10:03:25Z,10,10,
matrix_multiplication,2017-07-15T10:03:26Z,8,8,
matrix_multiplication,2017-07-15T10:03:27Z,9,9,
matrix_multiplication,2017-07-15T10:03:28Z,13,13,
matrix_multiplication,2017-07-15T10:03:29Z,15,15,
matrix_multiplication,2017-07-15T10:03:30Z,12,12,
matrix_multiplication,2017-07-15T10:03:31Z,11,11,
matrix_multiplication,2017-07-15T10:03:32Z,11,11,
matrix_multiplication,2017-07-15T10:03:33Z,10,10,
matrix_multiplication,2017-07-15T10:03:34Z,13,13,
matrix_multiplication,2017-07-15T10:03:35Z,11,11,
matrix_multiplication,2017-07-15T10:03:36Z,12,12,
matrix_multiplication,2017-07-15T10:03:37Z,13,13,
matrix_multiplication,2017-07-15T10:03:38Z,12,12,
matrix_multiplication,2017-07-15T10:03:39Z,11,11,
matrix_multiplication,2017-07-15T10:03:40Z,12,12,
matrix_multiplication,2017-07-15T10:03:41Z,12,12,
matrix_multiplication,2017-07-15T10:03:42Z,14,14,
matrix_multiplication,2017-07-15T10:03:43Z,8,8,
matrix_multiplication,2017-07-15T10:03:44Z,10,10,
matrix_multiplication,2017-07-15T10:03:45Z,16,16,
matrix_multiplication,2017-07-15T10:03:46Z,14,14,
matrix_multiplication,2017-07-15T10:03:47Z,13,13,
matrix_multiplication,2017-07-15T10:03:48Z,15,15,
matrix_multiplication,2017-07-15T10:03:49Z,15,15,
matrix_multiplication,2017-07-15T10:03:50Z,14,14,
matrix_multiplication,2017-07-15T10:03:51Z,14,14,
matrix_multiplication,2017-07-15T10:03:52Z,14,14,
matrix_multiplication,2017-07-15T10:03:53Z,14,14,
matrix_multiplication,2017-07-15T10:03:54Z,13,13,
matrix_multiplication,2017-07-15T10:03:55Z,13,13,
matrix_multiplication,2017-07-15T10:03:56Z,15,15,
matrix_multiplication,2017-07-15T10:03:57Z,15,15,
matrix_multiplication,2017-07-15T10:03:58Z,15,15,
matrix_multiplication,2017-07-15T10:03:59Z,15,15,
matrix_multiplication,2017-07-15T10:04:00Z,15,15,
matrix_multiplication,2017-07-15T10:04:01Z,15,15,
matrix_multiplication,2017-07-15T10:04:02Z,15,15,
matrix_multiplication,2017-07-15T10:04:03Z,12,12,
matrix_multiplication,2017-07-15T10:04:04Z,11,11,
matrix_multiplication,2017-07-15T10:04:05Z,13,13,
matrix_multiplication,2017-07-15T10:04:06Z,4,4,
matrix_multiplication,2017-07-15T10:04:07Z,12,12,
matrix_multiplication,2017-07-15T10:04:08Z,14,14,
matrix_multiplication,2017-07-15T10:04:09Z,13,13,
matrix_multiplication,2017-07-15T10:04:10Z,8,8,
matrix_multiplication,2017-07-15T10:04:11Z,14,14,
matrix_multiplication,2017-07-15T10:04:12Z,14,14,
matrix_multiplication,2017-07-15T10:04:13Z,14,14,
matrix_multiplication,2017-07-15T10:04:14Z,11,11,
matrix_multiplication,2017-07-15T10:04:15Z,5,5,
matrix_multiplication,2017-07-15T10:04:16Z,13,13,
matrix_multiplication,2017-07-15T10:04:17Z,14,14,
matrix_multiplication,2017-07-15T10:04:18Z,12,12,
matrix_multiplication,2017-07-15T10:04:19Z,14,14,
matrix_multiplication,2017-07-15T10:04:20Z,14,14,
matrix_multiplication,2017-07-15T10:04:21Z,13,13,
matrix_multiplication,2017-07-15T10:04:22Z,16,16,
matrix_multiplication,2017-07-15T10:04:23Z,15,15,
matrix_multiplication,2017-07-15T10:04:24Z,13,13,
matrix_multiplication,2017-07-15T10:04:25Z,15,15,
matrix_multiplication,2017-07-15T10:04:26Z,15,15,
matrix_multiplication,2017-07-15T10:04:27Z,15,15,
matrix_multiplication,2017-07-15T10:04:28Z,15,15,
matrix_multiplication,2017-07-15T10:04:29Z,16,16,
matrix_multiplication,2017-07-15T10:04:30Z,14,14,
matrix_multiplication,2017-07-15T10:04:31Z,12,12,
matrix_multiplication,2017-07-15T10:04:32Z,14,14,
matrix_multiplication,2017-07-15T10:04:33Z,15,15,
matrix_multiplication,2017-07-15T10:04:34Z,15,15,
matrix_multiplication,2017-07-15T10:04:35Z,17,17,
matrix_multiplication,2017-07-15T10:04:36Z,12,12,
matrix_multiplication,2017-07-15T10:04:37Z,16,16,
matrix_multiplication,2017-07-15T10:04:38Z,14,14,
matrix_multiplication,2017-07-15T10:04:39Z,15,15,
matrix_multiplication,2017-07-15T10:04:40Z,16,16,
matrix_multiplication,2017-07-15T10:04:41Z,14,14,
matrix_multiplication,2017-07-15T10:04:42Z,10,10,
matrix_multiplication,2017-07-15T10:04:43Z,15,15,
matrix_multiplication,2017-07-15T10:04:44Z,14,14,
matrix_multiplication,2017-07-15T10:04:45Z,15,15,
matrix_multiplication,2017-07-15T10:04:46Z,14,14,
matrix_multiplication,2017-07-15T10:04:47Z,15,15,
matrix_multiplication,2017-07-15T10:04:48Z,12,12,
matrix_multiplication,2017-07-15T10:04:49Z,13,13,
matrix_multiplication,2017-07-15T10:04:50Z,15,15,
matrix_multiplication,2017-07-15T10:04:51Z,16,16,
matrix_multiplication,2017-07-15T10:04:52Z,15,15,
matrix_multiplication,2017-07-15T10:04:53Z,13,13,
matrix_multiplication,2017-07-15T10:04:54Z,17,17,
matrix_multiplication,2017-07-15T10:04:55Z,26,26,
matrix_multiplication,2017-07-15T10:04:56Z,18,18,
matrix_multiplication,2017-07-15T10:04:57Z,23,23,
matrix_multiplication,2017-07-15T10:04:58Z,25,25,
matrix_multiplication,2017-07-15T10:04:59Z,25,25,
matrix_multiplication,2017-07-15T10:05:00Z,11,11,
matrix_multiplication,2017-07-15T10:05:01Z,19,19,
matrix_multiplication,2017-07-15T10:05:02Z,24,24,
matrix_multiplication,2017-07-15T10:05:03Z,22,22,
matrix_multiplication,2017-07-15T10:05:04Z,10,10,
matrix_multiplication,2017-07-15T10:05:05Z,12,12,
matrix_multiplication,2017-07-15T10:05:06Z,22,22,
matrix_multiplication,2017-07-15T10:05:07Z,17,17,
matrix_multiplication,2017-07-15T10:05:08Z,21,21,
matrix_multiplication,2017-07-15T10:05:09Z,22,22,
matrix_multiplication,2017-07-15T10:05:10Z,16,16,
matrix_multiplication,2017-07-15T10:05:11Z,20,20,
matrix_multiplication,2017-07-15T10:05:12Z,17,17,
matrix_multiplication,2017-07-15T10:05:13Z,13,13,
matrix_multiplication,2017-07-15T10:05:14Z,21,21,
matrix_multiplication,2017-07-15T10:05:15Z,12,12,
matrix_multiplication,2017-07-15T10:05:16Z,19,19,
matrix_multiplication,2017-07-15T10:05:17Z,24,24,
matrix_multiplication,2017-07-15T10:05:18Z,19,19,
matrix_multiplication,2017-07-15T10:05:19Z,22,22,
matrix_multiplication,2017-07-15T10:05:20Z,18,18,
matrix_multiplication,2017-07-15T10:05:21Z,18,18,
matrix_multiplication,2017-07-15T10:05:22Z,16,16,
matrix_multiplication,2017-07-15T10:05:23Z,14,14,
matrix_multiplication,2017-07-15T10:05:24Z,14,14,
matrix_multiplication,2017-07-15T10:05:25Z,17,17,
matrix_multiplication,2017-07-15T10:05:26Z,11,11,
matrix_multiplication,2017-07-15T10:05:27Z,13,13,
matrix_multiplication,2017-07-15T10:05:28Z,20,20,
matrix_multiplication,2017-07-15T10:05:29Z,16,16,
matrix_multiplication,2017-07-15T10:05:30Z,25,25,
matrix_multiplication,2017-07-15T10:05:31Z,29,29,
matrix_multiplication,2017-07-15T10:05:32Z,25,25,
matrix_multiplication,2017-07-15T10:05:33Z,16,16,
matrix_multiplication,2017-07-15T10:05:34Z,27,27,
matrix_multiplication,2017-07-15T10:05:35Z,31,31,
matrix_multiplication,2017-07-15T10:05:36Z,25,25,
matrix_multiplication,2017-07-15T10:05:37Z,28,28,
matrix_multiplication,2017-07-15T10:05:38Z,34,34,
matrix_multiplication,2017-07-15T10:05:39Z,38,38,
matrix_multiplication,2017-07-15T10:05:40Z,41,41,
matrix_multiplication,2017-07-15T10:05:41Z,41,41,
matrix_multiplication,2017-07-15T10:05:42Z,39,39,
matrix_multiplication,2017-07-15T10:05:43Z,34,34,
matrix_multiplication,2017-07-15T10:05:44Z,36,36,
matrix_multiplication,2017-07-15T10:05:45Z,27,27,
matrix_multiplication,2017-07-15T10:05:46Z,33,33,
matrix_multiplication,2017-07-15T10:05:47Z,30,30,
matrix_multiplication,2017-07-15T10:05:48Z,35,35,
matrix_multiplication,2017-07-15T10:05:49Z,36,36,
matrix_multiplication,2017-07-15T10:05:50Z,37,37,
matrix_multiplication,2017-07-15T10:05:51Z,30,30,
matrix_multiplication,2017-07-15T10:05:52Z,34,34,
matrix_multiplication,2017-07-15T10:05:53Z,31,31,
matrix_multiplication,2017-07-15T10:05:54Z,28,28,
matrix_multiplication,2017-07-15T10:05:55Z,34,34,
matrix_multiplication,2017-07-15T10:05:56Z,35,35,
matrix_multiplication,2017-07-15T10:05:57Z,34,34,
matrix_multiplication,2017-07-15T10:05:58Z,36,36,
matrix_multiplication,2017-07-15T10:05:59Z,36,36,
matrix_multiplication,2017-07-15T10:06:00Z,31,31,
matrix_multiplication,2017-07-15T10:06:01Z,29,29,
matrix_multiplication,2017-07-15T10:06:02Z,37,37,
matrix_multiplication,2017-07-15T10:06:03Z,42,42,
matrix_multiplication,2017-07-15T10:06:04Z,34,34,
matrix_multiplication,2017-07-15T10:06:05Z,35,35,
matrix_multiplication,2017-07-15T10:06:06Z,26,26,
matrix_multiplication,2017-07-15T10:06:07Z,31,31,
matrix_multiplication,2017-07-15T10:06:08Z,36,36,
matrix_multiplication,2017-07-15T10:06:09Z,34,34,
matrix_multiplication,2017-07-15T10:06:10Z,32,32,
matrix_multiplication,2017-07-15T10:06:11Z,34,34,
matrix_multiplication,2017-07-15T10:06:12Z,35,35,
matrix_multiplication,2017-07-15T10:06:13Z,42,42,
matrix_multiplication,2017-07-15T10:06:14Z,35,35,
matrix_multiplication,2017-07-15T10:06:15Z,34,34,
matrix_multiplication,2017-07-15T10:06:16Z,37,37,
matrix_multiplication,2017-07-15T10:06:17Z,40,40,
matrix_multiplication,2017-07-15T10:06:18Z,43,43,
matrix_multiplication,2017-07-15T10:06:19Z,37,37,
matrix_multiplication,2017-07-15T10:06:20Z,35,35,
matrix_multiplication,2017-07-15T10:06:21Z,37,37,
matrix_multiplication,2017-07-15T10:06:22Z,34,34,
matrix_multiplication,2017-07-15T10:06:23Z,39,39,
matrix_multiplication,2017-07-15T10:06:24Z,42,42,
matrix_multiplication,2017-07-15T10:06:25Z,43,43,
matrix_multiplication,2017-07-15T10:06:26Z,45,45,
matrix_multiplication,2017-07-15T10:06:27Z,48,48,
matrix_multiplication,2017-07-15T10:06:28Z,43,43,
matrix_multiplication,2017-07-15T10:06:29Z,43,43,
matrix_multiplication,2017-07-15T10:06:30Z,43,43,
matrix_multiplication,2017-07-15T10:06:31Z,28,28,
matrix_multiplication,2017-07-15T10:06:32Z,40,40,
matrix_multiplication,2017-07-15T10:06:33Z,40,40,
matrix_multiplication,2017-07-15T10:06:34Z,45,45,
matrix_multiplication,2017-07-15T10:06:35Z,46,46,
matrix_multiplication,2017-07-15T10:06:36Z,44,44,
matrix_multiplication,2017-07-15T10:06:37Z,48,48,
matrix_multiplication,2017-07-15T10:06:38Z,55,55,
matrix_multiplication,2017-07-15T10:06:39Z,44,44,
matrix_multiplication,2017-07-15T10:06:40Z,51,51,
matrix_multiplication,2017-07-15T10:06:41Z,51,51,
matrix_multiplication,2017-07-15T10:06:42Z,40,40,
matrix_multiplication,2017-07-15T10:06:43Z,42,42,
matrix_multiplication,2017-07-15T10:06:44Z,43,43,
matrix_multiplication,2017-07-15T10:06:45Z,43,43,
matrix_multiplication,2017-07-15T10:06:46Z,45,45,
matrix_multiplication,2017-07-15T10:06:47Z,44,44,
matrix_multiplication,2017-07-15T10:06:48Z,41,41,
matrix_multiplication,2017-07-15T10:06:49Z,39,39,
matrix_multiplication,2017-07-15T10:06:50Z,47,47,
matrix_multiplication,2017-07-15T10:06:51Z,43,43,
matrix_multiplication,2017-07-15T10:06:52Z,41,41,
matrix_multiplication,2017-07-15T10:06:53Z,43,43,
matrix_multiplication,2017-07-15T10:06:54Z,42,42,
matrix_multiplication,2017-07-15T10:06:55Z,47,47,
matrix_multiplication,2017-07-15T10:06:56Z,46,46,
matrix_multiplication,2017-07-15T10:06:57Z,45,45,
matrix_multiplication,2017-07-15T10:06:58Z,39,39,
matrix_multiplication,2017-07-15T10:06:59Z,42,42,
matrix_multiplication,2017-07-15T10:07:00Z,44,44,
matrix_multiplication,2017-07-15T10:07:01Z,49,49,
matrix_multiplication,2017-07-15T10:07:02Z,43,43,
matrix_multiplication,2017-07-15T10:07:03Z,45,45,
matrix_multiplication,2017-07-15T10:07:04Z,46,46,
matrix_multiplication,2017-07-15T10:07:05Z,43,43,
matrix_multiplication,2017-07-15T10:07:06Z,43,43,
matrix_multiplication,2017-07-15T10:07:07Z,32,32,
matrix_multiplication,2017-07-15T10:07:08Z,47,47,
matrix_multiplication,2017-07-15T10:07:09Z,39,39,
matrix_multiplication,2017-07-15T10:07:10Z,49,49,
matrix_multiplication,2017-07-15T10:07:11Z,40,40,
matrix_multiplication,2017-07-15T10:07:12Z,48,48,
matrix_multiplication,2017-07-15T10:07:13Z,45,45,
matrix_multiplication,2017-07-15T10:07:14Z,51,51,
matrix_multiplication,2017-07-15T10:07:15Z,44,44,
matrix_multiplication,2017-07-15T10:07:16Z,47,47,
matrix_multiplication,2017-07-15T10:07:17Z,42,42,
matrix_multiplication,2017-07-15T10:07:18Z,43,43,
matrix_multiplication,2017-07-15T10:07:19Z,46,46,
matrix_multiplication,2017-07-15T10:07:20Z,49,49,
matrix_multiplication,2017-07-15T10:07:21Z,42,42,
matrix_multiplication,2017-07-15T10:07:22Z,44,44,
matrix_multiplication,2017-07-15T10:07:23Z,49,49,
matrix_multiplication,2017-07-15T10:07:24Z,50,50,
matrix_multiplication,2017-07-15T10:07:25Z,43,43,
matrix_multiplication,2017-07-15T10:07:26Z,51,51,
matrix_multiplication,2017-07-15T10:07:27Z,53,53,
matrix_multiplication,2017-07-15T10:07:28Z,47,47,
matrix_multiplication,2017-07-15T10:07:29Z,46,46,
matrix_multiplication,2017-07-15T10:07:30Z,46,46,
matrix_multiplication,2017-07-15T10:07:31Z,52,52,
matrix_multiplication,2017-07-15T10:07:32Z,46,46,
matrix_multiplication,2017-07-15T10:07:33Z,47,47,
matrix_multiplication,2017-07-15T10:07:34Z,45,45,
matrix_multiplication,2017-07-15T10:07:35Z,45,45,
matrix_multiplication,2017-07-15T10:07:36Z,45,45,
matrix_multiplication,2017-07-15T10:07:37Z,45,45,
matrix_multiplication,2017-07-15T10:07:38Z,43,43,
matrix_multiplication,2017-07-15T10:07:39Z,50,50,
matrix_multiplication,2017-07-15T10:07:40Z,39,39,
matrix_multiplication,2017-07-15T10:07:41Z,46,46,
matrix_multiplication,2017-07-15T10:07:42Z,46,46,
matrix_multiplication,2017-07-15T10:07:43Z,47,47,
matrix_multiplication,2017-07-15T10:07:44Z,46,46,
matrix_multiplication,2017-07-15T10:07:45Z,47,47,
matrix_multiplication,2017-07-15T10:07:46Z,45,45,
matrix_multiplication,2017-07-15T10:07:47Z,44,44,
matrix_multiplication,2017-07-15T10:07:48Z,47,47,
matrix_multiplication,2017-07-15T10:07:49Z,43,43,
matrix_multiplication,2017-07-15T10:07:50Z,43,43,
matrix_multiplication,2017-07-15T10:07:51Z,50,50,
matrix_multiplication,2017-07-15T10:07:52Z,48,48,
matrix_multiplication,2017-07-15T10:07:53Z,48,48,
matrix_multiplication,2017-07-15T10:07:54Z,43,43,
matrix_multiplication,2017-07-15T10:07:55Z,50,50,
matrix_multiplication,2017-07-15T10:07:56Z,37,37,
matrix_multiplication,2017-07-15T10:07:57Z,45,45,
matrix_multiplication,2017-07-15T10:07:58Z,41,41,
matrix_multiplication,2017-07-15T10:07:59Z,56,56,
matrix_multiplication,2017-07-15T10:08:00Z,49,49,
matrix_multiplication,2017-07-15T10:08:01Z,53,53,
matrix_multiplication,2017-07-15T10:08:02Z,47,47,
matrix_multiplication,2017-07-15T10:08:03Z,50,50,
matrix_multiplication,2017-07-15T10:08:04Z,52,52,
matrix_multiplication,2017-07-15T10:08:05Z,46,46,
matrix_multiplication,2017-07-15T10:08:06Z,47,47,
matrix_multiplication,2017-07-15T10:08:07Z,51,51,
matrix_multiplication,2017-07-15T10:08:08Z,45,45,
matrix_multiplication,2017-07-15T10:08:09Z,54,54,
matrix_multiplication,2017-07-15T10:08:10Z,50,50,
matrix_multiplication,2017-07-15T10:08:11Z,42,42,
matrix_multiplication,2017-07-15T10:08:12Z,43,43,
matrix_multiplication,2017-07-15T10:08:13Z,36,36,
matrix_multiplication,2017-07-15T10:08:14Z,56,56,
matrix_multiplication,2017-07-15T10:08:15Z,55,55,
matrix_multiplication,2017-07-15T10:08:16Z,42,42,
matrix_multiplication,2017-07-15T10:08:17Z,50,50,
matrix_multiplication,2017-07-15T10:08:18Z,55,55,
matrix_multiplication,2017-07-15T10:08:19Z,52,52,
matrix_multiplication,2017-07-15T10:08:20Z,51,51,
matrix_multiplication,2017-07-15T10:08:21Z,48,48,
matrix_multiplication,2017-07-15T10:08:22Z,45,45,
matrix_multiplication,2017-07-15T10:08:23Z,42,42,
matrix_multiplication,2017-07-15T10:08:24Z,42,42,
matrix_multiplication,2017-07-15T10:08:25Z,56,56,
matrix_multiplication,2017-07-15T10:08:26Z,44,44,
matrix_multiplication,2017-07-15T10:08:27Z,44,44,
matrix_multiplication,2017-07-15T10:08:28Z,43,43,
matrix_multiplication,2017-07-15T10:08:29Z,41,41,
matrix_multiplication,2017-07-15T10:08:30Z,27,27,
matrix_multiplication,2017-07-15T10:08:31Z,38,38,
matrix_multiplication,2017-07-15T10:08:32Z,30,30,
matrix_multiplication,2017-07-15T10:08:33Z,41,41,
matrix_multiplication,2017-07-15T10:08:34Z,40,40,
matrix_multiplication,2017-07-15T10:08:35Z,40,40,
matrix_multiplication,2017-07-15T10:08:36Z,30,30,
matrix_multiplication,2017-07-15T10:08:37Z,37,37,
matrix_multiplication,2017-07-15T10:08:38Z,33,33,
matrix_multiplication,2017-07-15T10:08:39Z,45,45,
matrix_multiplication,2017-07-15T10:08:40Z,43,43,
matrix_multiplication,2017-07-15T10:08:41Z,42,42,
matrix_multiplication,2017-07-15T10:08:42Z,39,39,
matrix_multiplication,2017-07-15T10:08:43Z,44,44,
matrix_multiplication,2017-07-15T10:08:44Z,43,43,
matrix_multiplication,2017-07-15T10:08:45Z,42,42,
matrix_multiplication,2017-07-15T10:08:46Z,21,21,
matrix_multiplication,2017-07-15T10:08:47Z,41,41,
matrix_multiplication,2017-07-15T10:08:48Z,39,39,
matrix_multiplication,2017-07-15T10:08:49Z,41,41,
matrix_multiplication,2017-07-15T10:08:50Z,41,41,
matrix_multiplication,2017-07-15T10:08:51Z,44,44,
matrix_multiplication,2017-07-15T10:08:52Z,40,40,
matrix_multiplication,2017-07-15T10:08:53Z,42,42,
matrix_multiplication,2017-07-15T10:08:54Z,43,43,
matrix_multiplication,2017-07-15T10:08:55Z,40,40,
matrix_multiplication,2017-07-15T10:08:56Z,43,43,
matrix_multiplication,2017-07-15T10:08:57Z,42,42,
matrix_multiplication,2017-07-15T10:08:58Z,43,43,
matrix_multiplication,2017-07-15T10:08:59Z,43,43,
matrix_multiplication,2017-07-15T10:09:00Z,39,39,
matrix_multiplication,2017-07-15T10:09:01Z,40,40,
matrix_multiplication,2017-07-15T10:09:02Z,33,33,
matrix_multiplication,2017-07-15T10:09:03Z,38,38,
matrix_multiplication,2017-07-15T10:09:04Z,44,44,
matrix_multiplication,2017-07-15T10:09:05Z,38,38,
matrix_multiplication,2017-07-15T10:09:06Z,35,35,
matrix_multiplication,2017-07-15T10:09:07Z,36,36,
matrix_multiplication,2017-07-15T10:09:08Z,52,52,
matrix_multiplication,2017-07-15T10:09:09Z,57,57,
matrix_multiplication,2017-07-15T10:09:10Z,54,54,
matrix_multiplication,2017-07-15T10:09:11Z,48,48,
matrix_multiplication,2017-07-15T10:09:12Z,52,52,
matrix_multiplication,2017-07-15T10:09:13Z,47,47,
matrix_multiplication,2017-07-15T10:09:14Z,47,47,
matrix_multiplication,2017-07-15T10:09:15Z,49,49,
matrix_multiplication,2017-07-15T10:09:16Z,52,52,
matrix_multiplication,2017-07-15T10:09:17Z,49,49,
matrix_multiplication,2017-07-15T10:09:18Z,52,52,
matrix_multiplication,2017-07-15T10:09:19Z,53,53,
matrix_multiplication,2017-07-15T10:09:20Z,52,52,
matrix_multiplication,2017-07-15T10:09:21Z,37,37,
matrix_multiplication,2017-07-15T10:09:22Z,45,45,
matrix_multiplication,2017-07-15T10:09:23Z,49,49,
matrix_multiplication,2017-07-15T10:09:24Z,45,45,
matrix_multiplication,2017-07-15T10:09:25Z,51,51,
matrix_multiplication,2017-07-15T10:09:26Z,48,48,
matrix_multiplication,2017-07-15T10:09:27Z,50,50,
matrix_multiplication,2017-07-15T10:09:28Z,49,49,
matrix_multiplication,2017-07-15T10:09:29Z,55,55,
matrix_multiplication,2017-07-15T10:09:30Z,50,50,
matrix_multiplication,2017-07-15T10:09:31Z,55,55,
matrix_multiplication,2017-07-15T10:09:32Z,56,56,
matrix_multiplication,2017-07-15T10:09:33Z,57,57,
matrix_multiplication,2017-07-15T10:09:34Z,60,60,
matrix_multiplication,2017-07-15T10:09:35Z,54,54,
matrix_multiplication,2017-07-15T10:09:36Z,42,42,
matrix_multiplication,2017-07-15T10:09:37Z,38,38,
matrix_multiplication,2017-07-15T10:09:38Z,59,59,
matrix_multiplication,2017-07-15T10:09:39Z,55,55,
matrix_multiplication,2017-07-15T10:09:40Z,50,50,
matrix_multiplication,2017-07-15T10:09:41Z,56,56,
matrix_multiplication,2017-07-15T10:09:42Z,53,53,
matrix_multiplication,2017-07-15T10:09:43Z,55,55,
matrix_multiplication,2017-07-15T10:09:44Z,46,46,
matrix_multiplication,2017-07-15T10:09:45Z,49,49,
matrix_multiplication,2017-07-15T10:09:46Z,53,53,
matrix_multiplication,2017-07-15T10:09:47Z,48,48,
matrix_multiplication,2017-07-15T10:09:48Z,50,50,
matrix_multiplication,2017-07-15T10:09:49Z,52,52,
matrix_multiplication,2017-07-15T10:09:50Z,50,50,
matrix_multiplication,2017-07-15T10:09:51Z,54,54,
matrix_multiplication,2017-07-15T10:09:52Z,60,60,
matrix_multiplication,2017-07-15T10:09:53Z,54,54,
matrix_multiplication,2017-07-15T10:09:54Z,56,56,
matrix_multiplication,2017-07-15T10:09:55Z,60,60,
matrix_multiplication,2017-07-15T10:09:56Z,58,58,
matrix_multiplication,2017-07-15T10:09:57Z,60,60,
matrix_multiplication,2017-07-15T10:09:58Z,45,45,
matrix_multiplication,2017-07-15T10:09:59Z,44,44,
matrix_multiplication,2017-07-15T10:10:00Z,52,52,
matrix_multiplication,2017-07-15T10:10:01Z,54,54,
matrix_multiplication,2017-07-15T10:10:02Z,45,45,
matrix_multiplication,2017-07-15T10:10:03Z,42,42,
matrix_multiplication,2017-07-15T10:10:04Z,57,57,
matrix_multiplication,2017-07-15T10:10:05Z,53,53,
matrix_multiplication,2017-07-15T10:10:06Z,60,60,
matrix_multiplication,2017-07-15T10:10:07Z,53,53,
matrix_multiplication,2017-07-15T10:10:08Z,56,56,
matrix_multiplication,2017-07-15T10:10:09Z,57,57,
matrix_multiplication,2017-07-15T10:10:10Z,49,49,
matrix_multiplication,2017-07-15T10:10:11Z,56,56,
matrix_multiplication,2017-07-15T10:10:12Z,55,55,
matrix_multiplication,2017-07-15T10:10:13Z,55,55,
matrix_multiplication,2017-07-15T10:10:14Z,59,59,
matrix_multiplication,2017-07-15T10:10:15Z,54,54,
matrix_multiplication,2017-07-15T10:10:16Z,56,56,
matrix_multiplication,2017-07-15T10:10:17Z,54,54,
matrix_multiplication,2017-07-15T10:10:18Z,54,54,
matrix_multiplication,2017-07-15T10:10:19Z,60,60,
matrix_multiplication,2017-07-15T10:10:20Z,51,51,
matrix_multiplication,2017-07-15T10:10:21Z,49,49,
matrix_multiplication,2017-07-15T10:10:22Z,57,57,
matrix_multiplication,2017-07-15T10:10:23Z,74,74,
matrix_multiplication,2017-07-15T10:10:24Z,68,68,
matrix_multiplication,2017-07-15T10:10:25Z,66,66,
matrix_multiplication,2017-07-15T10:10:26Z,74,74,
matrix_multiplication,2017-07-15T10:10:27Z,63,63,
matrix_multiplication,2017-07-15T10:10:28Z,66,66,
matrix_multiplication,2017-07-15T10:10:29Z,69,69,
matrix_multiplication,2017-07-15T10:10:30Z,51,51,
matrix_multiplication,2017-07-15T10:10:31Z,48,48,
matrix_multiplication,2017-07-15T10:10:32Z,53,53,
matrix_multiplication,2017-07-15T10:10:33Z,52,52,
matrix_multiplication,2017-07-15T10:10:34Z,65,65,
matrix_multiplication,2017-07-15T10:10:35Z,73,73,
matrix_multiplication,2017-07-15T10:10:36Z,65,65,
matrix_multiplication,2017-07-15T10:10:37Z,64,64,
matrix_multiplication,2017-07-15T10:10:38Z,78,78,
matrix_multiplication,2017-07-15T10:10:39Z,81,81,
matrix_multiplication,2017-07-15T10:10:40Z,83,83,
matrix_multiplication,2017-07-15T10:10:41Z,75,75,
matrix_multiplication,2017-07-15T10:10:42Z,84,84,
matrix_multiplication,2017-07-15T10:10:43Z,67,67,
matrix_multiplication,2017-07-15T10:10:44Z,73,73,
matrix_multiplication,2017-07-15T10:10:45Z,57,57,
matrix_multiplication,2017-07-15T10:10:46Z,70,70,
matrix_multiplication,2017-07-15T10:10:47Z,72,72,
matrix_multiplication,2017-07-15T10:10:48Z,55,55,
matrix_multiplication,2017-07-15T10:10:49Z,79,79,
matrix_multiplication,2017-07-15T10:10:50Z,74,74,
matrix_multiplication,2017-07-15T10:10:51Z,71,71,
matrix_multiplication,2017-07-15T10:10:52Z,78,78,
matrix_multiplication,2017-07-15T10:10:53Z,70,70,
matrix_multiplication,2017-07-15T10:10:54Z,75,75,
matrix_multiplication,2017-07-15T10:10:55Z,71,71,
matrix_multiplication,2017-07-15T10:10:56Z,76,76,
matrix_multiplication,2017-07-15T10:10:57Z,68,68,
matrix_multiplication,2017-07-15T10:10:58Z,70,70,
matrix_multiplication,2017-07-15T10:10:59Z,68,68,
matrix_multiplication,2017-07-15T10:11:00Z,55,55,
matrix_multiplication,2017-07-15T10:11:01Z,65,65,
matrix_multiplication,2017-07-15T10:11:02Z,79,79,
matrix_multiplication,2017-07-15T10:11:03Z,70,70,
matrix_multiplication,2017-07-15T10:11:04Z,75,75,
matrix_multiplication,2017-07-15T10:11:05Z,76,76,
matrix_multiplication,2017-07-15T10:11:06Z,89,89,
matrix_multiplication,2017-07-15T10:11:07Z,83,83,
matrix_multiplication,2017-07-15T10:11:08Z,84,84,
matrix_multiplication,2017-07-15T10:11:09Z,90,90,
matrix_multiplication,2017-07-15T10:11:10Z,85,85,
matrix_multiplication,2017-07-15T10:11:11Z,85,85,
matrix_multiplication,2017-07-15T10:11:12Z,85,85,
matrix_multiplication,2017-07-15T10:11:13Z,94,94,
matrix_multiplication,2017-07-15T10:11:14Z,88,88,
matrix_multiplication,2017-07-15T10:11:15Z,91,91,
matrix_multiplication,2017-07-15T10:11:16Z,87,87,
matrix_multiplication,2017-07-15T10:11:17Z,93,93,
matrix_multiplication,2017-07-15T10:11:18Z,83,83,
matrix_multiplication,2017-07-15T10:11:19Z,65,65,
matrix_multiplication,2017-07-15T10:11:20Z,77,77,
matrix_multiplication,2017-07-15T10:11:21Z,67,67,
matrix_multiplication,2017-07-15T10:11:22Z,81,81,
matrix_multiplication,2017-07-15T10:11:23Z,78,78,
matrix_multiplication,2017-07-15T10:11:24Z,82,82,
matrix_multiplication,2017-07-15T10:11:25Z,82,82,
matrix_multiplication,2017-07-15T10:11:26Z,83,83,
matrix_multiplication,2017-07-15T10:11:27Z,83,83,
matrix_multiplication,2017-07-15T10:11:28Z,84,84,
matrix_multiplication,2017-07-15T10:11:29Z,80,80,
matrix_multiplication,2017-07-15T10:11:30Z,76,76,
matrix_multiplication,2017-07-15T10:11:31Z,70,70,
matrix_multiplication,2017-07-15T10:11:32Z,79,79,
matrix_multiplication,2017-07-15T10:11:33Z,78,78,
matrix_multiplication,2017-07-15T10:11:34Z,73,73,
matrix_multiplication,2017-07-15T10:11:35Z,65,65,
matrix_multiplication,2017-07-15T10:11:36Z,72,72,
matrix_multiplication,2017-07-15T10:11:37Z,77,77,
matrix_multiplication,2017-07-15T10:11:38Z,82,82,
matrix_multiplication,2017-07-15T10:11:39Z,80,80,
matrix_multiplication,2017-07-15T10:11:40Z,68,68,
matrix_multiplication,2017-07-15T10:11:41Z,67,67,
matrix_multiplication,2017-07-15T10:11:42Z,79,79,
matrix_multiplication,2017-07-15T10:11:43Z,77,77,
matrix_multiplication,2017-07-15T10:11:44Z,68,68,
matrix_multiplication,2017-07-15T10:11:45Z,70,70,
matrix_multiplication,2017-07-15T10:11:46Z,64,64,
matrix_multiplication,2017-07-15T10:11:47Z,63,63,
matrix_multiplication,2017-07-15T10:11:48Z,55,55,
matrix_multiplication,2017-07-15T10:11:49Z,70,70,
matrix_multiplication,2017-07-15T10:11:50Z,62,62,
matrix_multiplication,2017-07-15T10:11:51Z,77,77,
matrix_multiplication,2017-07-15T10:11:52Z,76,76,
matrix_multiplication,2017-07-15T10:11:53Z,74,74,
matrix_multiplication,2017-07-15T10:11:54Z,74,74,
matrix_multiplication,2017-07-15T10:11:55Z,69,69,
matrix_multiplication,2017-07-15T10:11:56Z,64,64,
matrix_multiplication,2017-07-15T10:11:57Z,55,55,
matrix_multiplication,2017-07-15T10:11:58Z,57,57,
matrix_multiplication,2017-07-15T10:11:59Z,60,60,
matrix_multiplication,2017-07-15T10:12:00Z,67,67,
matrix_multiplication,2017-07-15T10:12:01Z,76,76,
matrix_multiplication,2017-07-15T10:12:02Z,74,74,
matrix_multiplication,2017-07-15T10:12:03Z,72,72,
matrix_multiplication,2017-07-15T10:12:04Z,74,74,
matrix_multiplication,2017-07-15T10:12:05Z,71,71,
matrix_multiplication,2017-07-15T10:12:06Z,70,70,
matrix_multiplication,2017-07-15T10:12:07Z,73,73,
matrix_multiplication,2017-07-15T10:12:08Z,74,74,
matrix_multiplication,2017-07-15T10:12:09Z,77,77,
matrix_multiplication,2017-07-15T10:12:10Z,67,67,
matrix_multiplication,2017-07-15T10:12:11Z,69,69,
matrix_multiplication,2017-07-15T10:12:12Z,76,76,
matrix_multiplication,2017-07-15T10:12:13Z,72,72,
matrix_multiplication,2017-07-15T10:12:14Z,68,68,
matrix_multiplication,2017-07-15T10:12:15Z,72,72,
matrix_multiplication,2017-07-15T10:12:16Z,71,71,
matrix_multiplication,2017-07-15T10:12:17Z,77,77,
matrix_multiplication,2017-07-15T10:12:18Z,71,71,
matrix_multiplication,2017-07-15T10:12:19Z,65,65,
matrix_multiplication,2017-07-15T10:12:20Z,71,71,
matrix_multiplication,2017-07-15T10:12:21Z,63,63,
matrix_multiplication,2017-07-15T10:12:22Z,70,70,
matrix_multiplication,2017-07-15T10:12:23Z,85,85,
matrix_multiplication,2017-07-15T10:12:24Z,79,79,
matrix_multiplication,2017-07-15T10:12:25Z,67,67,
matrix_multiplication,2017-07-15T10:12:26Z,64,64,
matrix_multiplication,2017-07-15T10:12:27Z,71,71,
matrix_multiplication,2017-07-15T10:12:28Z,74,74,
matrix_multiplication,2017-07-15T10:12:29Z,77,77,
matrix_multiplication,2017-07-15T10:12:30Z,87,87,
matrix_multiplication,2017-07-15T10:12:31Z,78,78,
matrix_multiplication,2017-07-15T10:12:32Z,75,75,
matrix_multiplication,2017-07-15T10:12:33Z,55,55,
matrix_multiplication,2017-07-15T10:12:34Z,69,69,
matrix_multiplication,2017-07-15T10:12:35Z,51,51,
matrix_multiplication,2017-07-15T10:12:36Z,73,73,
matrix_multiplication,2017-07-15T10:12:37Z,100,100,
matrix_multiplication,2017-07-15T10:12:38Z,89,89,
matrix_multiplication,2017-07-15T10:12:39Z,77,77,
matrix_multiplication,2017-07-15T10:12:40Z,75,75,
matrix_multiplication,2017-07-15T10:12:41Z,70,70,
matrix_multiplication,2017-07-15T10:12:42Z,77,77,
matrix_multiplication,2017-07-15T10:12:43Z,74,74,
matrix_multiplication,2017-07-15T10:12:44Z,79,79,
matrix_multiplication,2017-07-15T10:12:45Z,80,80,
matrix_multiplication,2017-07-15T10:12:46Z,83,83,
matrix_multiplication,2017-07-15T10:12:47Z,82,82,
matrix_multiplication,2017-07-15T10:12:48Z,90,90,
matrix_multiplication,2017-07-15T10:12:49Z,99,99,
matrix_multiplication,2017-07-15T10:12:50Z,90,90,
matrix_multiplication,2017-07-15T10:12:51Z,92,92,
matrix_multiplication,2017-07-15T10:12:52Z,91,91,
matrix_multiplication,2017-07-15T10:12:53Z,93,93,
matrix_multiplication,2017-07-15T10:12:54Z,90,90,
matrix_multiplication,2017-07-15T10:12:55Z,87,87,
matrix_multiplication,2017-07-15T10:12:56Z,85,85,
matrix_multiplication,2017-07-15T10:12:57Z,79,79,
matrix_multiplication,2017-07-15T10:12:58Z,78,78,
matrix_multiplication,2017-07-15T10:12:59Z,94,94,
matrix_multiplication,2017-07-15T10:13:00Z,85,85,
matrix_multiplication,2017-07-15T10:13:01Z,85,85,
matrix_multiplication,2017-07-15T10:13:02Z,87,87,
matrix_multiplication,2017-07-15T10:13:03Z,86,86,
matrix_multiplication,2017-07-15T10:13:04Z,93,93,
matrix_multiplication,2017-07-15T10:13:05Z,88,88,
matrix_multiplication,2017-07-15T10:13:06Z,82,82,
matrix_multiplication,2017-07-15T10:13:07Z,89,89,
matrix_multiplication,2017-07-15T10:13:08Z,91,91,
matrix_multiplication,2017-07-15T10:13:09Z,102,102,
matrix_multiplication,2017-07-15T10:13:10Z,89,89,
matrix_multiplication,2017-07-15T10:13:11Z,83,83,
matrix_multiplication,2017-07-15T10:13:12Z,100,100,
matrix_multiplication,2017-07-15T10:13:13Z,94,94,
matrix_multiplication,2017-07-15T10:13:14Z,93,93,
matrix_multiplication,2017-07-15T10:13:15Z,110,110,
matrix_multiplication,2017-07-15T10:13:16Z,109,109,
matrix_multiplication,2017-07-15T10:13:17Z,102,102,
matrix_multiplication,2017-07-15T10:13:18Z,93,93,
matrix_multiplication,2017-07-15T10:13:19Z,78,78,
matrix_multiplication,2017-07-15T10:13:20Z,101,101,
matrix_multiplication,2017-07-15T10:13:21Z,98,98,
matrix_multiplication,2017-07-15T10:13:22Z,101,101,
matrix_multiplication,2017-07-15T10:13:23Z,104,104,
matrix_multiplication,2017-07-15T10:13:24Z,99,99,
matrix_multiplication,2017-07-15T10:13:25Z,96,96,
matrix_multiplication,2017-07-15T10:13:26Z,91,91,
matrix_multiplication,2017-07-15T10:13:27Z,88,88,
matrix_multiplication,2017-07-15T10:13:28Z,94,94,
matrix_multiplication,2017-07-15T10:13:29Z,101,101,
matrix_multiplication,2017-07-15T10:13:30Z,102,102,
matrix_multiplication,2017-07-15T10:13:31Z,103,103,
matrix_multiplication,2017-07-15T10:13:32Z,100,100,
matrix_multiplication,2017-07-15T10:13:33Z,94,94,
matrix_multiplication,2017-07-15T10:13:34Z,98,98,
matrix_multiplication,2017-07-15T10:13:35Z,86,86,
matrix_multiplication,2017-07-15T10:13:36Z,118,118,
matrix_multiplication,2017-07-15T10:13:37Z,115,115,
matrix_multiplication,2017-07-15T10:13:38Z,90,90,
matrix_multiplication,2017-07-15T10:13:39Z,98,98,
matrix_multiplication,2017-07-15T10:13:40Z,94,94,
matrix_multiplication,2017-07-15T10:13:41Z,104,104,
matrix_multiplication,2017-07-15T10:13:42Z,126,126,
matrix_multiplication,2017-07-15T10:13:43Z,112,112,
matrix_multiplication,2017-07-15T10:13:44Z,94,94,
matrix_multiplication,2017-07-15T10:13:45Z,102,102,
matrix_multiplication,2017-07-15T10:13:46Z,86,86,
matrix_multiplication,2017-07-15T10:13:47Z,78,78,
matrix_multiplication,2017-07-15T10:13:48Z,92,92,
matrix_multiplication,2017-07-15T10:13:49Z,102,102,
matrix_multiplication,2017-07-15T10:13:50Z,103,103,
matrix_multiplication,2017-07-15T10:13:51Z,106,106,
matrix_multiplication,2017-07-15T10:13:52Z,91,91,
matrix_multiplication,2017-07-15T10:13:53Z,96,96,
matrix_multiplication,2017-07-15T10:13:54Z,110,110,
matrix_multiplication,2017-07-15T10:13:55Z,112,112,
matrix_multiplication,2017-07-15T10:13:56Z,114,114,
matrix_multiplication,2017-07-15T10:13:57Z,107,107,
matrix_multiplication,2017-07-15T10:13:58Z,111,111,
matrix_multiplication,2017-07-15T10:13:59Z,103,103,
matrix_multiplication,2017-07-15T10:14:00Z,111,111,
matrix_multiplication,2017-07-15T10:14:01Z,103,103,
matrix_multiplication,2017-07-15T10:14:02Z,95,95,
matrix_multiplication,2017-07-15T10:14:03Z,79,79,
matrix_multiplication,2017-07-15T10:14:04Z,55,55,
matrix_multiplication,2017-07-15T10:14:05Z,51,51,
matrix_multiplication,2017-07-15T10:14:06Z,68,68,
matrix_multiplication,2017-07-15T10:14:07Z,86,86,
matrix_multiplication,2017-07-15T10:14:08Z,113,113,
matrix_multiplication,2017-07-15T10:14:09Z,105,105,
matrix_multiplication,2017-07-15T10:14:10Z,104,104,
matrix_multiplication,2017-07-15T10:14:11Z,78,78,
matrix_multiplication,2017-07-15T10:14:12Z,72,72,
matrix_multiplication,2017-07-15T10:14:13Z,58,58,
matrix_multiplication,2017-07-15T10:14:14Z,88,88,
matrix_multiplication,2017-07-15T10:14:15Z,127,127,
matrix_multiplication,2017-07-15T10:14:16Z,127,127,
matrix_multiplication,2017-07-15T10:14:17Z,133,133,
matrix_multiplication,2017-07-15T10:14:18Z,129,129,
matrix_multiplication,2017-07-15T10:14:19Z,132,132,
matrix_multiplication,2017-07-15T10:14:20Z,138,138,
matrix_multiplication,2017-07-15T10:14:21Z,137,137,
matrix_multiplication,2017-07-15T10:14:22Z,144,144,
matrix_multiplication,2017-07-15T10:14:23Z,117,117,
matrix_multiplication,2017-07-15T10:14:24Z,106,106,
matrix_multiplication,2017-07-15T10:14:25Z,90,90,
matrix_multiplication,2017-07-15T10:14:26Z,101,101,
matrix_multiplication,2017-07-15T10:14:27Z,87,87,
matrix_multiplication,2017-07-15T10:14:28Z,99,99,
matrix_multiplication,2017-07-15T10:14:29Z,107,107,
matrix_multiplication,2017-07-15T10:14:30Z,100,100,
matrix_multiplication,2017-07-15T10:14:31Z,116,116,
matrix_multiplication,2017-07-15T10:14:32Z,114,114,
matrix_multiplication,2017-07-15T10:14:33Z,118,118,
matrix_multiplication,2017-07-15T10:14:34Z,118,118,
matrix_multiplication,2017-07-15T10:14:35Z,106,106,
matrix_multiplication,2017-07-15T10:14:36Z,111,111,
matrix_multiplication,2017-07-15T10:14:37Z,98,98,
matrix_multiplication,2017-07-15T10:14:38Z,109,109,
matrix_multiplication,2017-07-15T10:14:39Z,106,106,
matrix_multiplication,2017-07-15T10:14:40Z,103,103,
matrix_multiplication,2017-07-15T10:14:41Z,106,106,
matrix_multiplication,2017-07-15T10:14:42Z,107,107,
matrix_multiplication,2017-07-15T10:14:43Z,110,110,
matrix_multiplication,2017-07-15T10:14:44Z,98,98,
matrix_multiplication,2017-07-15T10:14:45Z,102,102,
matrix_multiplication,2017-07-15T10:14:46Z,99,99,
matrix_multiplication,2017-07-15T10:14:47Z,110,110,
matrix_multiplication,2017-07-15T10:14:48Z,118,118,
matrix_multiplication,2017-07-15T10:14:49Z,106,106,
matrix_multiplication,2017-07-15T10:14:50Z,118,118,
matrix_multiplication,2017-07-15T10:14:51Z,119,119,
matrix_multiplication,2017-07-15T10:14:52Z,103,103,
matrix_multiplication,2017-07-15T10:14:53Z,116,116,
matrix_multiplication,2017-07-15T10:14:54Z,113,113,
matrix_multiplication,2017-07-15T10:14:55Z,108,108,
matrix_multiplication,2017-07-15T10:14:56Z,96,96,
matrix_multiplication,2017-07-15T10:14:57Z,107,107,
matrix_multiplication,2017-07-15T10:14:58Z,123,123,
matrix_multiplication,2017-07-15T10:14:59Z,124,124,
matrix_multiplication,2017-07-15T10:15:00Z,112,112,
matrix_multiplication,2017-07-15T10:15:01Z,108,108,
matrix_multiplication,2017-07-15T10:15:02Z,122,122,
matrix_multiplication,2017-07-15T10:15:03Z,116,116,
matrix_multiplication,2017-07-15T10:15:04Z,121,121,
matrix_multiplication,2017-07-15T10:15:05Z,102,102,
matrix_multiplication,2017-07-15T10:15:06Z,99,99,
matrix_multiplication,2017-07-15T10:15:07Z,78,78,
matrix_multiplication,2017-07-15T10:15:08Z,73,73,
matrix_multiplication,2017-07-15T10:15:09Z,102,102,
matrix_multiplication,2017-07-15T10:15:10Z,130,130,
matrix_multiplication,2017-07-15T10:15:11Z,139,139,
matrix_multiplication,2017-07-15T10:15:12Z,132,132,
matrix_multiplication,2017-07-15T10:15:13Z,116,116,
matrix_multiplication,2017-07-15T10:15:14Z,124,124,
matrix_multiplication,2017-07-15T10:15:15Z,117,117,
matrix_multiplication,2017-07-15T10:15:16Z,103,103,
matrix_multiplication,2017-07-15T10:15:17Z,99,99,
matrix_multiplication,2017-07-15T10:15:18Z,87,87,
matrix_multiplication,2017-07-15T10:15:19Z,108,108,
matrix_multiplication,2017-07-15T10:15:20Z,117,117,
matrix_multiplication,2017-07-15T10:15:21Z,130,130,
matrix_multiplication,2017-07-15T10:15:22Z,117,117,
matrix_multiplication,2017-07-15T10:15:23Z,105,105,
matrix_multiplication,2017-07-15T10:15:24Z,108,108,
matrix_multiplication,2017-07-15T10:15:25Z,89,89,
matrix_multiplication,2017-07-15T10:15:26Z,99,99,
matrix_multiplication,2017-07-15T10:15:27Z,115,115,
matrix_multiplication,2017-07-15T10:15:28Z,109,109,
matrix_multiplication,2017-07-15T10:15:29Z,117,117,
matrix_multiplication,2017-07-15T10:15:30Z,101,101,
matrix_multiplication,2017-07-15T10:15:31Z,100,100,
matrix_multiplication,2017-07-15T10:15:32Z,104,104,
matrix_multiplication,2017-07-15T10:15:33Z,101,101,
matrix_multiplication,2017-07-15T10:15:34Z,110,110,
matrix_multiplication,2017-07-15T10:15:35Z,92,92,
matrix_multiplication,2017-07-15T10:15:36Z,90,90,
matrix_multiplication,2017-07-15T10:15:37Z,99,99,
matrix_multiplication,2017-07-15T10:15:38Z,99,99,
matrix_multiplication,2017-07-15T10:15:39Z,111,111,
matrix_multiplication,2017-07-15T10:15:40Z,113,113,
matrix_multiplication,2017-07-15T10:15:41Z,119,119,
matrix_multiplication,2017-07-15T10:15:42Z,114,114,
matrix_multiplication,2017-07-15T10:15:43Z,123,123,
matrix_multiplication,2017-07-15T10:15:44Z,111,111,
matrix_multiplication,2017-07-15T10:15:45Z,89,89,
matrix_multiplication,2017-07-15T10:15:46Z,109,109,
matrix_multiplication,2017-07-15T10:15:47Z,96,96,
matrix_multiplication,2017-07-15T10:15:48Z,111,111,
matrix_multiplication,2017-07-15T10:15:49Z,106,106,
matrix_multiplication,2017-07-15T10:15:50Z,103,103,
matrix_multiplication,2017-07-15T10:15:51Z,121,121,
matrix_multiplication,2017-07-15T10:15:52Z,101,101,
matrix_multiplication,2017-07-15T10:15:53Z,129,129,
matrix_multiplication,2017-07-15T10:15:54Z,125,125,
matrix_multiplication,2017-07-15T10:15:55Z,108,108,
matrix_multiplication,2017-07-15T10:15:56Z,124,124,
matrix_multiplication,2017-07-15T10:15:57Z,113,113,
matrix_multiplication,2017-07-15T10:15:58Z,121,121,
matrix_multiplication,2017-07-15T10:15:59Z,114,114,
matrix_multiplication,2017-07-15T10:16:00Z,130,130,
matrix_multiplication,2017-07-15T10:16:01Z,109,109,
matrix_multiplication,2017-07-15T10:16:02Z,104,104,
matrix_multiplication,2017-07-15T10:16:03Z,102,102,
matrix_multiplication,2017-07-15T10:16:04Z,84,84,
matrix_multiplication,2017-07-15T10:16:05Z,104,104,
matrix_multiplication,2017-07-15T10:16:06Z,105,105,
matrix_multiplication,2017-07-15T10:16:07Z,104,104,
matrix_multiplication,2017-07-15T10:16:08Z,111,111,
matrix_multiplication,2017-07-15T10:16:09Z,123,123,
matrix_multiplication,2017-07-15T10:16:10Z,141,141,
matrix_multiplication,2017-07-15T10:16:11Z,139,139,
matrix_multiplication,2017-07-15T10:16:12Z,126,126,
matrix_multiplication,2017-07-15T10:16:13Z,114,114,
matrix_multiplication,2017-07-15T10:16:14Z,104,104,
matrix_multiplication,2017-07-15T10:16:15Z,108,108,
matrix_multiplication,2017-07-15T10:16:16Z,113,113,
matrix_multiplication,2017-07-15T10:16:17Z,112,112,
matrix_multiplication,2017-07-15T10:16:18Z,111,111,
matrix_multiplication,2017-07-15T10:16:19Z,90,90,
matrix_multiplication,2017-07-15T10:16:20Z,94,94,
matrix_multiplication,2017-07-15T10:16:21Z,119,119,
matrix_multiplication,2017-07-15T10:16:22Z,121,121,
matrix_multiplication,2017-07-15T10:16:23Z,116,116,
matrix_multiplication,2017-07-15T10:16:24Z,104,104,
matrix_multiplication,2017-07-15T10:16:25Z,109,109,
matrix_multiplication,2017-07-15T10:16:26Z,102,102,
matrix_multiplication,2017-07-15T10:16:27Z,119,119,
matrix_multiplication,2017-07-15T10:16:28Z,118,118,
matrix_multiplication,2017-07-15T10:16:29Z,120,120,
matrix_multiplication,2017-07-15T10:16:30Z,92,92,
matrix_multiplication,2017-07-15T10:16:31Z,102,102,
matrix_multiplication,2017-07-15T10:16:32Z,100,100,
matrix_multiplication,2017-07-15T10:16:33Z,126,126,
matrix_multiplication,2017-07-15T10:16:34Z,121,121,
matrix_multiplication,2017-07-15T10:16:35Z,109,109,
matrix_multiplication,2017-07-15T10:16:36Z,110,110,
matrix_multiplication,2017-07-15T10:16:37Z,105,105,
matrix_multiplication,2017-07-15T10:16:38Z,107,107,
matrix_multiplication,2017-07-15T10:16:39Z,112,112,
matrix_multiplication,2017-07-15T10:16:40Z,130,130,
matrix_multiplication,2017-07-15T10:16:41Z,108,108,
matrix_multiplication,2017-07-15T10:16:42Z,121,121,
matrix_multiplication,2017-07-15T10:16:43Z,102,102,
matrix_multiplication,2017-07-15T10:16:44Z,95,95,
matrix_multiplication,2017-07-15T10:16:45Z,110,110,
matrix_multiplication,2017-07-15T10:16:46Z,114,114,
matrix_multiplication,2017-07-15T10:16:47Z,107,107,
matrix_multiplication,2017-07-15T10:16:48Z,110,110,
matrix_multiplication,2017-07-15T10:16:49Z,108,108,
matrix_multiplication,2017-07-15T10:16:50Z,124,124,
matrix_multiplication,2017-07-15T10:16:51Z,122,122,
matrix_multiplication,2017-07-15T10:16:52Z,116,116,
matrix_multiplication,2017-07-15T10:16:53Z,125,125,
matrix_multiplication,2017-07-15T10:16:54Z,117,117,
matrix_multiplication,2017-07-15T10:16:55Z,103,103,
matrix_multiplication,2017-07-15T10:16:56Z,116,116,
matrix_multiplication,2017-07-15T10:16:57Z,112,112,
matrix_multiplication,2017-07-15T10:16:58Z,107,107,
matrix_multiplication,2017-07-15T10:16:59Z,108,108,
matrix_multiplication,2017-07-15T10:17:00Z,108,108,
matrix_multiplication,2017-07-15T10:17:01Z,103,103,
matrix_multiplication,2017-07-15T10:17:02Z,117,117,
matrix_multiplication,2017-07-15T10:17:03Z,116,116,
matrix_multiplication,2017-07-15T10:17:04Z,114,114,
matrix_multiplication,2017-07-15T10:17:05Z,86,86,
matrix_multiplication,2017-07-15T10:17:06Z,105,105,
matrix_multiplication,2017-07-15T10:17:07Z,103,103,
matrix_multiplication,2017-07-15T10:17:08Z,116,116,
matrix_multiplication,2017-07-15T10:17:09Z,129,129,
matrix_multiplication,2017-07-15T10:17:10Z,137,137,
matrix_multiplication,2017-07-15T10:17:11Z,110,110,
matrix_multiplication,2017-07-15T10:17:12Z,99,99,
matrix_multiplication,2017-07-15T10:17:13Z,118,118,
matrix_multiplication,2017-07-15T10:17:14Z,127,127,
matrix_multiplication,2017-07-15T10:17:15Z,121,121,
matrix_multiplication,2017-07-15T10:17:16Z,119,119,
matrix_multiplication,2017-07-15T10:17:17Z,122,122,
matrix_multiplication,2017-07-15T10:17:18Z,123,123,
matrix_multiplication,2017-07-15T10:17:19Z,130,130,
matrix_multiplication,2017-07-15T10:17:20Z,122,122,
matrix_multiplication,2017-07-15T10:17:21Z,115,115,
matrix_multiplication,2017-07-15T10:17:22Z,113,113,
matrix_multiplication,2017-07-15T10:17:23Z,120,120,
matrix_multiplication,2017-07-15T10:17:24Z,137,137,
matrix_multiplication,2017-07-15T10:17:25Z,136,136,
matrix_multiplication,2017-07-15T10:17:26Z,111,111,
matrix_multiplication,2017-07-15T10:17:27Z,120,120,
matrix_multiplication,2017-07-15T10:17:28Z,117,117,
matrix_multiplication,2017-07-15T10:17:29Z,125,125,
matrix_multiplication,2017-07-15T10:17:30Z,114,114,
matrix_multiplication,2017-07-15T10:17:31Z,120,120,
matrix_multiplication,2017-07-15T10:17:32Z,111,111,
matrix_multiplication,2017-07-15T10:17:33Z,115,115,
matrix_multiplication,2017-07-15T10:17:34Z,117,117,
matrix_multiplication,2017-07-15T10:17:35Z,124,124,
matrix_multiplication,2017-07-15T10:17:36Z,127,127,
matrix_multiplication,2017-07-15T10:17:37Z,123,123,
matrix_multiplication,2017-07-15T10:17:38Z,114,114,
matrix_multiplication,2017-07-15T10:17:39Z,117,117,
matrix_multiplication,2017-07-15T10:17:40Z,107,107,
matrix_multiplication,2017-07-15T10:17:41Z,118,118,
matrix_multiplication,2017-07-15T10:17:42Z,123,123,
matrix_multiplication,2017-07-15T10:17:43Z,116,116,
matrix_multiplication,2017-07-15T10:17:44Z,106,106,
matrix_multiplication,2017-07-15T10:17:45Z,87,87,
matrix_multiplication,2017-07-15T10:17:46Z,110,110,
matrix_multiplication,2017-07-15T10:17:47Z,86,86,
matrix_multiplication,2017-07-15T10:17:48Z,101,101,
matrix_multiplication,2017-07-15T10:17:49Z,116,116,
matrix_multiplication,2017-07-15T10:17:50Z,117,117,
matrix_multiplication,2017-07-15T10:17:51Z,107,107,
matrix_multiplication,2017-07-15T10:17:52Z,113,113,
matrix_multiplication,2017-07-15T10:17:53Z,117,117,
matrix_multiplication,2017-07-15T10:17:54Z,108,108,
matrix_multiplication,2017-07-15T10:17:55Z,122,122,
matrix_multiplication,2017-07-15T10:17:56Z,100,100,
matrix_multiplication,2017-07-15T10:17:57Z,114,114,
matrix_multiplication,2017-07-15T10:17:58Z,120,120,
matrix_multiplication,2017-07-15T10:17:59Z,126,126,
matrix_multiplication,2017-07-15T10:18:00Z,128,128,
matrix_multiplication,2017-07-15T10:18:01Z,131,131,
matrix_multiplication,2017-07-15T10:18:02Z,112,112,
matrix_multiplication,2017-07-15T10:18:03Z,101,101,
matrix_multiplication,2017-07-15T10:18:04Z,127,127,
matrix_multiplication,2017-07-15T10:18:05Z,125,125,
matrix_multiplication,2017-07-15T10:18:06Z,133,133,
matrix_multiplication,2017-07-15T10:18:07Z,133,133,
matrix_multiplication,2017-07-15T10:18:08Z,121,121,
matrix_multiplication,2017-07-15T10:18:09Z,127,127,
matrix_multiplication,2017-07-15T10:18:10Z,138,138,
matrix_multiplication,2017-07-15T10:18:11Z,128,128,
matrix_multiplication,2017-07-15T10:18:12Z,121,121,
matrix_multiplication,2017-07-15T10:18:13Z,122,122,
matrix_multiplication,2017-07-15T10:18:14Z,121,121,
matrix_multiplication,2017-07-15T10:18:15Z,139,139,
matrix_multiplication,2017-07-15T10:18:16Z,119,119,
matrix_multiplication,2017-07-15T10:18:17Z,123,123,
matrix_multiplication,2017-07-15T10:18:18Z,107,107,
matrix_multiplication,2017-07-15T10:18:19Z,128,128,
matrix_multiplication,2017-07-15T10:18:20Z,126,126,
matrix_multiplication,2017-07-15T10:18:21Z,124,124,
matrix_multiplication,2017-07-15T10:18:22Z,126,126,
matrix_multiplication,2017-07-15T10:18:23Z,123,123,
matrix_multiplication,2017-07-15T10:18:24Z,96,96,
matrix_multiplication,2017-07-15T10:18:25Z,119,119,
matrix_multiplication,2017-07-15T10:18:26Z,119,119,
matrix_multiplication,2017-07-15T10:18:27Z,116,116,
matrix_multiplication,2017-07-15T10:18:28Z,126,126,
matrix_multiplication,2017-07-15T10:18:29Z,114,114,
matrix_multiplication,2017-07-15T10:18:30Z,122,122,
matrix_multiplication,2017-07-15T10:18:31Z,125,125,
matrix_multiplication,2017-07-15T10:18:32Z,113,113,
matrix_multiplication,2017-07-15T10:18:33Z,105,105,
matrix_multiplication,2017-07-15T10:18:34Z,127,127,
matrix_multiplication,2017-07-15T10:18:35Z,118,118,
matrix_multiplication,2017-07-15T10:18:36Z,130,130,
matrix_multiplication,2017-07-15T10:18:37Z,122,122,
matrix_multiplication,2017-07-15T10:18:38Z,130,130,
matrix_multiplication,2017-07-15T10:18:39Z,128,128,
matrix_multiplication,2017-07-15T10:18:40Z,134,134,
matrix_multiplication,2017-07-15T10:18:41Z,122,122,
matrix_multiplication,2017-07-15T10:18:42Z,123,123,
matrix_multiplication,2017-07-15T10:18:43Z,120,120,
matrix_multiplication,2017-07-15T10:18:44Z,120,120,
matrix_multiplication,2017-07-15T10:18:45Z,135,135,
matrix_multiplication,2017-07-15T10:18:46Z,136,136,
matrix_multiplication,2017-07-15T10:18:47Z,137,137,
matrix_multiplication,2017-07-15T10:18:48Z,126,126,
matrix_multiplication,2017-07-15T10:18:49Z,116,116,
matrix_multiplication,2017-07-15T10:18:50Z,139,139,
matrix_multiplication,2017-07-15T10:18:51Z,142,142,
matrix_multiplication,2017-07-15T10:18:52Z,126,126,
matrix_multiplication,2017-07-15T10:18:53Z,128,128,
matrix_multiplication,2017-07-15T10:18:54Z,140,140,
matrix_multiplication,2017-07-15T10:18:55Z,127,127,
matrix_multiplication,2017-07-15T10:18:56Z,128,128,
matrix_multiplication,2017-07-15T10:18:57Z,145,145,
matrix_multiplication,2017-07-15T10:18:58Z,140,140,
matrix_multiplication,2017-07-15T10:18:59Z,137,137,
matrix_multiplication,2017-07-15T10:19:00Z,133,133,
matrix_multiplication,2017-07-15T10:19:01Z,130,130,
matrix_multiplication,2017-07-15T10:19:02Z,128,128,
matrix_multiplication,2017-07-15T10:19:03Z,128,128,
matrix_multiplication,2017-07-15T10:19:04Z,138,138,
matrix_multiplication,2017-07-15T10:19:05Z,142,142,
matrix_multiplication,2017-07-15T10:19:06Z,131,131,
matrix_multiplication,2017-07-15T10:19:07Z,126,126,
matrix_multiplication,2017-07-15T10:19:08Z,123,123,
matrix_multiplication,2017-07-15T10:19:09Z,128,128,
matrix_multiplication,2017-07-15T10:19:10Z,136,136,
matrix_multiplication,2017-07-15T10:19:11Z,109,109,
matrix_multiplication,2017-07-15T10:19:12Z,115,115,
matrix_multiplication,2017-07-15T10:19:13Z,127,127,
matrix_multiplication,2017-07-15T10:19:14Z,128,128,
matrix_multiplication,2017-07-15T10:19:15Z,143,143,
matrix_multiplication,2017-07-15T10:19:16Z,108,108,
matrix_multiplication,2017-07-15T10:19:17Z,125,125,
matrix_multiplication,2017-07-15T10:19:18Z,129,129,
matrix_multiplication,2017-07-15T10:19:19Z,111,111,
matrix_multiplication,2017-07-15T10:19:20Z,122,122,
matrix_multiplication,2017-07-15T10:19:21Z,106,106,
matrix_multiplication,2017-07-15T10:19:22Z,119,119,
matrix_multiplication,2017-07-15T10:19:23Z,122,122,
matrix_multiplication,2017-07-15T10:19:24Z,140,140,
matrix_multiplication,2017-07-15T10:19:25Z,116,116,
matrix_multiplication,2017-07-15T10:19:26Z,122,122,
matrix_multiplication,2017-07-15T10:19:27Z,138,138,
matrix_multiplication,2017-07-15T10:19:28Z,133,133,
matrix_multiplication,2017-07-15T10:19:29Z,133,133,
matrix_multiplication,2017-07-15T10:19:30Z,137,137,
matrix_multiplication,2017-07-15T10:19:31Z,118,118,
matrix_multiplication,2017-07-15T10:19:32Z,110,110,
matrix_multiplication,2017-07-15T10:19:33Z,92,92,
matrix_multiplication,2017-07-15T10:19:34Z,120,120,
matrix_multiplication,2017-07-15T10:19:35Z,153,153,
matrix_multiplication,2017-07-15T10:19:36Z,145,145,
matrix_multiplication,2017-07-15T10:19:37Z,154,154,
matrix_multiplication,2017-07-15T10:19:38Z,158,158,
matrix_multiplication,2017-07-15T10:19:39Z,142,142,
matrix_multiplication,2017-07-15T10:19:40Z,149,149,
matrix_multiplication,2017-07-15T10:19:41Z,152,152,
matrix_multiplication,2017-07-15T10:19:42Z,158,158,
matrix_multiplication,2017-07-15T10:19:43Z,146,146,
matrix_multiplication,2017-07-15T10:19:44Z,154,154,
matrix_multiplication,2017-07-15T10:19:45Z,138,138,
matrix_multiplication,2017-07-15T10:19:46Z,132,132,
matrix_multiplication,2017-07-15T10:19:47Z,134,134,
matrix_multiplication,2017-07-15T10:19:48Z,137,137,
matrix_multiplication,2017-07-15T10:19:49Z,148,148,
matrix_multiplication,2017-07-15T10:19:50Z,147,147,
matrix_multiplication,2017-07-15T10:19:51Z,152,152,
matrix_multiplication,2017-07-15T10:19:52Z,144,144,
matrix_multiplication,2017-07-15T10:19:53Z,152,152,
matrix_multiplication,2017-07-15T10:19:54Z,130,130,
matrix_multiplication,2017-07-15T10:19:55Z,116,116,
matrix_multiplication,2017-07-15T10:19:56Z,129,129,
matrix_multiplication,2017-07-15T10:19:57Z,137,137,
matrix_multiplication,2017-07-15T10:19:58Z,155,155,
matrix_multiplication,2017-07-15T10:19:59Z,134,134,
matrix_multiplication,2017-07-15T10:20:00Z,124,124,
matrix_multiplication,2017-07-15T10:20:01Z,142,142,
matrix_multiplication,2017-07-15T10:20:02Z,156,156,
matrix_multiplication,2017-07-15T10:20:03Z,158,158,
matrix_multiplication,2017-07-15T10:20:04Z,157,157,
matrix_multiplication,2017-07-15T10:20:05Z,147,147,
matrix_multiplication,2017-07-15T10:20:06Z,152,152,
matrix_multiplication,2017-07-15T10:20:07Z,148,148,
matrix_multiplication,2017-07-15T10:20:08Z,138,138,
matrix_multiplication,2017-07-15T10:20:09Z,130,130,
matrix_multiplication,2017-07-15T10:20:10Z,130,130,
matrix_multiplication,2017-07-15T10:20:11Z,138,138,
matrix_multiplication,2017-07-15T10:20:12Z,139,139,
matrix_multiplication,2017-07-15T10:20:13Z,137,137,
matrix_multiplication,2017-07-15T10:20:14Z,138,138,
matrix_multiplication,2017-07-15T10:20:15Z,144,144,
matrix_multiplication,2017-07-15T10:20:16Z,112,112,
matrix_multiplication,2017-07-15T10:20:17Z,101,101,
matrix_multiplication,2017-07-15T10:20:18Z,93,93,
matrix_multiplication,2017-07-15T10:20:19Z,87,87,
matrix_multiplication,2017-07-15T10:20:20Z,64,64,
matrix_multiplication,2017-07-15T10:20:21Z,95,95,
matrix_multiplication,2017-07-15T10:20:22Z,142,142,
matrix_multiplication,2017-07-15T10:20:23Z,156,156,
matrix_multiplication,2017-07-15T10:20:24Z,151,151,
matrix_multiplication,2017-07-15T10:20:25Z,146,146,
matrix_multiplication,2017-07-15T10:20:26Z,162,162,
matrix_multiplication,2017-07-15T10:20:27Z,151,151,
matrix_multiplication,2017-07-15T10:20:28Z,146,146,
matrix_multiplication,2017-07-15T10:20:29Z,152,152,
matrix_multiplication,2017-07-15T10:20:30Z,144,144,
matrix_multiplication,2017-07-15T10:20:31Z,140,140,
matrix_multiplication,2017-07-15T10:20:32Z,130,130,
matrix_multiplication,2017-07-15T10:20:33Z,144,144,
matrix_multiplication,2017-07-15T10:20:34Z,145,145,
matrix_multiplication,2017-07-15T10:20:35Z,140,140,
matrix_multiplication,2017-07-15T10:20:36Z,104,104,
matrix_multiplication,2017-07-15T10:20:37Z,112,112,
matrix_multiplication,2017-07-15T10:20:38Z,149,149,
matrix_multiplication,2017-07-15T10:20:39Z,167,167,
matrix_multiplication,2017-07-15T10:20:40Z,157,157,
matrix_multiplication,2017-07-15T10:20:41Z,161,161,
matrix_multiplication,2017-07-15T10:20:42Z,163,163,
matrix_multiplication,2017-07-15T10:20:43Z,156,156,
matrix_multiplication,2017-07-15T10:20:44Z,118,118,
matrix_multiplication,2017-07-15T10:20:45Z,128,128,
matrix_multiplication,2017-07-15T10:20:46Z,140,140,
matrix_multiplication,2017-07-15T10:20:47Z,138,138,
matrix_multiplication,2017-07-15T10:20:48Z,153,153,
matrix_multiplication,2017-07-15T10:20:49Z,155,155,
matrix_multiplication,2017-07-15T10:20:50Z,135,135,
matrix_multiplication,2017-07-15T10:20:51Z,138,138,
matrix_multiplication,2017-07-15T10:20:52Z,150,150,
matrix_multiplication,2017-07-15T10:20:53Z,141,141,
matrix_multiplication,2017-07-15T10:20:54Z,139,139,
matrix_multiplication,2017-07-15T10:20:55Z,144,144,
matrix_multiplication,2017-07-15T10:20:56Z,150,150,
matrix_multiplication,2017-07-15T10:20:57Z,161,161,
matrix_multiplication,2017-07-15T10:20:58Z,147,147,
matrix_multiplication,2017-07-15T10:20:59Z,145,145,
matrix_multiplication,2017-07-15T10:21:00Z,149,149,
matrix_multiplication,2017-07-15T10:21:01Z,140,140,
matrix_multiplication,2017-07-15T10:21:02Z,138,138,
matrix_multiplication,2017-07-15T10:21:03Z,127,127,
matrix_multiplication,2017-07-15T10:21:04Z,142,142,
matrix_multiplication,2017-07-15T10:21:05Z,135,135,
matrix_multiplication,2017-07-15T10:21:06Z,127,127,
matrix_multiplication,2017-07-15T10:21:07Z,135,135,
matrix_multiplication,2017-07-15T10:21:08Z,154,154,
matrix_multiplication,2017-07-15T10:21:09Z,143,143,
matrix_multiplication,2017-07-15T10:21:10Z,126,126,
matrix_multiplication,2017-07-15T10:21:11Z,75,75,
matrix_multiplication,2017-07-15T10:21:12Z,17,17,
matrix_multiplication,2017-07-15T10:21:13Z,18,18,
matrix_multiplication,2017-07-15T10:21:14Z,4,4,
matrix_multiplication,2017-07-15T10:21:15Z,2,2,
matrix_multiplication,2017-07-15T10:21:16Z,9,9,
matrix_multiplication,2017-07-15T10:21:17Z,2,2,
matrix_multiplication,2017-07-15T10:21:18Z,0,0,
matrix_multiplication,2017-07-15T10:21:19Z,3,3,
matrix_multiplication,2017-07-15T10:21:20Z,13,13,
matrix_multiplication,2017-07-15T10:21:21Z,27,27,
matrix_multiplication,2017-07-15T10:21:22Z,77,77,
matrix_multiplication,2017-07-15T10:21:23Z,125,125,
matrix_multiplication,2017-07-15T10:21:24Z,144,144,
matrix_multiplication,2017-07-15T10:21:25Z,132,132,
matrix_multiplication,2017-07-15T10:21:26Z,126,126,
matrix_multiplication,2017-07-15T10:21:27Z,150,150,
matrix_multiplication,2017-07-15T10:21:28Z,159,159,
matrix_multiplication,2017-07-15T10:21:29Z,139,139,
matrix_multiplication,2017-07-15T10:21:30Z,162,162,
matrix_multiplication,2017-07-15T10:21:31Z,144,144,
matrix_multiplication,2017-07-15T10:21:32Z,129,129,
matrix_multiplication,2017-07-15T10:21:33Z,133,133,
matrix_multiplication,2017-07-15T10:21:34Z,144,144,
matrix_multiplication,2017-07-15T10:21:35Z,169,169,
matrix_multiplication,2017-07-15T10:21:36Z,166,166,
matrix_multiplication,2017-07-15T10:21:37Z,165,165,
matrix_multiplication,2017-07-15T10:21:38Z,134,134,
matrix_multiplication,2017-07-15T10:21:39Z,130,130,
matrix_multiplication,2017-07-15T10:21:40Z,163,163,
matrix_multiplication,2017-07-15T10:21:41Z,159,159,
matrix_multiplication,2017-07-15T10:21:42Z,150,150,
matrix_multiplication,2017-07-15T10:21:43Z,148,148,
matrix_multiplication,2017-07-15T10:21:44Z,138,138,
matrix_multiplication,2017-07-15T10:21:45Z,145,145,
matrix_multiplication,2017-07-15T10:21:46Z,151,151,
matrix_multiplication,2017-07-15T10:21:47Z,151,151,
matrix_multiplication,2017-07-15T10:21:48Z,138,138,
matrix_multiplication,2017-07-15T10:21:49Z,146,146,
matrix_multiplication,2017-07-15T10:21:50Z,143,143,
matrix_multiplication,2017-07-15T10:21:51Z,172,172,
matrix_multiplication,2017-07-15T10:21:52Z,137,137,
matrix_multiplication,2017-07-15T10:21:53Z,136,136,
matrix_multiplication,2017-07-15T10:21:54Z,140,140,
matrix_multiplication,2017-07-15T10:21:55Z,149,149,
matrix_multiplication,2017-07-15T10:21:56Z,149,149,
matrix_multiplication,2017-07-15T10:21:57Z,146,146,
matrix_multiplication,2017-07-15T10:21:58Z,146,146,
matrix_multiplication,2017-07-15T10:21:59Z,119,119,
matrix_multiplication,2017-07-15T10:22:00Z,125,125,
matrix_multiplication,2017-07-15T10:22:01Z,143,143,
matrix_multiplication,2017-07-15T10:22:02Z,155,155,
matrix_multiplication,2017-07-15T10:22:03Z,159,159,
matrix_multiplication,2017-07-15T10:22:04Z,157,157,
matrix_multiplication,2017-07-15T10:22:05Z,167,167,
matrix_multiplication,2017-07-15T10:22:06Z,172,172,
matrix_multiplication,2017-07-15T10:22:07Z,164,164,
matrix_multiplication,2017-07-15T10:22:08Z,141,141,
matrix_multiplication,2017-07-15T10:22:09Z,146,146,
matrix_multiplication,2017-07-15T10:22:10Z,149,149,
matrix_multiplication,2017-07-15T10:22:11Z,164,164,
matrix_multiplication,2017-07-15T10:22:12Z,152,152,
matrix_multiplication,2017-07-15T10:22:13Z,164,164,
matrix_multiplication,2017-07-15T10:22:14Z,166,166,
matrix_multiplication,2017-07-15T10:22:15Z,174,174,
matrix_multiplication,2017-07-15T10:22:16Z,147,147,
matrix_multiplication,2017-07-15T10:22:17Z,149,149,
matrix_multiplication,2017-07-15T10:22:18Z,153,153,
matrix_multiplication,2017-07-15T10:22:19Z,153,153,
matrix_multiplication,2017-07-15T10:22:20Z,147,147,
matrix_multiplication,2017-07-15T10:22:21Z,150,150,
matrix_multiplication,2017-07-15T10:22:22Z,128,128,
matrix_multiplication,2017-07-15T10:22:23Z,112,112,
matrix_multiplication,2017-07-15T10:22:24Z,71,71,
matrix_multiplication,2017-07-15T10:22:25Z,27,27,
matrix_multiplication,2017-07-15T10:22:26Z,8,8,
matrix_multiplication,2017-07-15T10:22:27Z,4,4,
matrix_multiplication,2017-07-15T10:22:28Z,3,3,
matrix_multiplication,2017-07-15T10:22:29Z,5,5,
matrix_multiplication,2017-07-15T10:22:30Z,0,0,
matrix_multiplication,2017-07-15T10:22:31Z,0,0,
matrix_multiplication,2017-07-15T10:22:32Z,0,0,
matrix_multiplication,2017-07-15T10:22:33Z,10,10,
matrix_multiplication,2017-07-15T10:22:34Z,16,16,
matrix_multiplication,2017-07-15T10:22:35Z,81,81,
matrix_multiplication,2017-07-15T10:22:36Z,133,133,
matrix_multiplication,2017-07-15T10:22:37Z,155,155,
matrix_multiplication,2017-07-15T10:22:38Z,139,139,
matrix_multiplication,2017-07-15T10:22:39Z,142,142,
matrix_multiplication,2017-07-15T10:22:40Z,137,137,
matrix_multiplication,2017-07-15T10:22:41Z,142,142,
matrix_multiplication,2017-07-15T10:22:42Z,168,168,
matrix_multiplication,2017-07-15T10:22:43Z,130,130,
matrix_multiplication,2017-07-15T10:22:44Z,163,163,
matrix_multiplication,2017-07-15T10:22:45Z,147,147,
matrix_multiplication,2017-07-15T10:22:46Z,144,144,
matrix_multiplication,2017-07-15T10:22:47Z,149,149,
matrix_multiplication,2017-07-15T10:22:48Z,122,122,
matrix_multiplication,2017-07-15T10:22:49Z,116,116,
matrix_multiplication,2017-07-15T10:22:50Z,120,120,
matrix_multiplication,2017-07-15T10:22:51Z,140,140,
matrix_multiplication,2017-07-15T10:22:52Z,135,135,
matrix_multiplication,2017-07-15T10:22:53Z,158,158,
matrix_multiplication,2017-07-15T10:22:54Z,161,161,
matrix_multiplication,2017-07-15T10:22:55Z,146,146,
matrix_multiplication,2017-07-15T10:22:56Z,131,131,
matrix_multiplication,2017-07-15T10:22:57Z,125,125,
matrix_multiplication,2017-07-15T10:22:58Z,152,152,
matrix_multiplication,2017-07-15T10:22:59Z,146,146,
matrix_multiplication,2017-07-15T10:23:00Z,148,148,
matrix_multiplication,2017-07-15T10:23:01Z,138,138,
matrix_multiplication,2017-07-15T10:23:02Z,166,166,
matrix_multiplication,2017-07-15T10:23:03Z,168,168,
matrix_multiplication,2017-07-15T10:23:04Z,155,155,
matrix_multiplication,2017-07-15T10:23:05Z,150,150,
matrix_multiplication,2017-07-15T10:23:06Z,152,152,
matrix_multiplication,2017-07-15T10:23:07Z,133,133,
matrix_multiplication,2017-07-15T10:23:08Z,153,153,
matrix_multiplication,2017-07-15T10:23:09Z,162,162,
matrix_multiplication,2017-07-15T10:23:10Z,147,147,
matrix_multiplication,2017-07-15T10:23:11Z,130,130,
matrix_multiplication,2017-07-15T10:23:12Z,135,135,
matrix_multiplication,2017-07-15T10:23:13Z,155,155,
matrix_multiplication,2017-07-15T10:23:14Z,166,166,
matrix_multiplication,2017-07-15T10:23:15Z,163,163,
matrix_multiplication,2017-07-15T10:23:16Z,155,155,
matrix_multiplication,2017-07-15T10:23:17Z,154,154,
matrix_multiplication,2017-07-15T10:23:18Z,140,140,
matrix_multiplication,2017-07-15T10:23:19Z,90,90,
matrix_multiplication,2017-07-15T10:23:20Z,46,46,
matrix_multiplication,2017-07-15T10:23:21Z,2,2,
matrix_multiplication,2017-07-15T10:23:22Z,0,0,
matrix_multiplication,2017-07-15T10:23:23Z,0,0,
matrix_multiplication,2017-07-15T10:23:24Z,0,0,
matrix_multiplication,2017-07-15T10:23:25Z,0,0,
matrix_multiplication,2017-07-15T10:23:26Z,0,0,
matrix_multiplication,2017-07-15T10:23:27Z,0,0,
matrix_multiplication,2017-07-15T10:23:28Z,0,0,
matrix_multiplication,2017-07-15T10:23:29Z,0,0,
matrix_multiplication,2017-07-15T10:23:30Z,0,0,
matrix_multiplication,2017-07-15T10:23:31Z,0,0,
matrix_multiplication,2017-07-15T10:23:32Z,0,0,
matrix_multiplication,2017-07-15T10:23:33Z,0,0,
matrix_multiplication,2017-07-15T10:23:34Z,0,0,
matrix_multiplication,2017-07-15T10:23:35Z,0,0,
matrix_multiplication,2017-07-15T10:23:36Z,0,0,
matrix_multiplication,2017-07-15T10:23:37Z,0,0,
matrix_multiplication,2017-07-15T10:23:38Z,0,0,
matrix_multiplication,2017-07-15T10:23:39Z,0,0,
matrix_multiplication,2017-07-15T10:23:40Z,0,0,
matrix_multiplication,2017-07-15T10:23:41Z,0,0,
matrix_multiplication,2017-07-15T10:23:42Z,0,0,
matrix_multiplication,2017-07-15T10:23:43Z,0,0,
matrix_multiplication,2017-07-15T10:23:44Z,0,0,
matrix_multiplication,2017-07-15T10:23:45Z,0,0,
matrix_multiplication,2017-07-15T10:23:46Z,0,0,
matrix_multiplication,2017-07-15T10:23:47Z,0,0,
matrix_multiplication,2017-07-15T10:23:48Z,0,0,
matrix_multiplication,2017-07-15T10:23:49Z,0,0,
matrix_multiplication,2017-07-15T10:23:50Z,0,0,
matrix_multiplication,2017-07-15T10:23:51Z,0,0,
matrix_multiplication,2017-07-15T10:23:52Z,0,0,
matrix_multiplication,2017-07-15T10:23:53Z,0,0,
matrix_multiplication,2017-07-15T10:23:54Z,0,0,
matrix_multiplication,2017-07-15T10:23:55Z,0,0,
matrix_multiplication,2017-07-15T10:23:56Z,0,0,
matrix_multiplication,2017-07-15T10:23:57Z,0,0,
matrix_multiplication,2017-07-15T10:23:58Z,0,0,
matrix_multiplication,2017-07-15T10:23:59Z,0,0,
