name,time,rps,count_host
matrix_multiplication_aws,2017-08-05T11:06:38Z,3,3
matrix_multiplication_aws,2017-08-05T11:06:39Z,11,11
matrix_multiplication_aws,2017-08-05T11:06:40Z,12,12
matrix_multiplication_aws,2017-08-05T11:06:41Z,9,9
matrix_multiplication_aws,2017-08-05T11:06:42Z,11,11
matrix_multiplication_aws,2017-08-05T11:06:43Z,10,10
matrix_multiplication_aws,2017-08-05T11:06:44Z,12,12
matrix_multiplication_aws,2017-08-05T11:06:45Z,11,11
matrix_multiplication_aws,2017-08-05T11:06:46Z,12,12
matrix_multiplication_aws,2017-08-05T11:06:47Z,11,11
matrix_multiplication_aws,2017-08-05T11:06:48Z,11,11
matrix_multiplication_aws,2017-08-05T11:06:49Z,12,12
matrix_multiplication_aws,2017-08-05T11:06:50Z,11,11
matrix_multiplication_aws,2017-08-05T11:06:51Z,13,13
matrix_multiplication_aws,2017-08-05T11:06:52Z,11,11
matrix_multiplication_aws,2017-08-05T11:06:53Z,12,12
matrix_multiplication_aws,2017-08-05T11:06:54Z,12,12
matrix_multiplication_aws,2017-08-05T11:06:55Z,12,12
matrix_multiplication_aws,2017-08-05T11:06:56Z,14,14
matrix_multiplication_aws,2017-08-05T11:06:57Z,12,12
matrix_multiplication_aws,2017-08-05T11:06:58Z,13,13
matrix_multiplication_aws,2017-08-05T11:06:59Z,13,13
matrix_multiplication_aws,2017-08-05T11:07:00Z,14,14
matrix_multiplication_aws,2017-08-05T11:07:01Z,12,12
matrix_multiplication_aws,2017-08-05T11:07:02Z,14,14
matrix_multiplication_aws,2017-08-05T11:07:03Z,12,12
matrix_multiplication_aws,2017-08-05T11:07:04Z,15,15
matrix_multiplication_aws,2017-08-05T11:07:05Z,14,14
matrix_multiplication_aws,2017-08-05T11:07:06Z,15,15
matrix_multiplication_aws,2017-08-05T11:07:07Z,13,13
matrix_multiplication_aws,2017-08-05T11:07:08Z,14,14
matrix_multiplication_aws,2017-08-05T11:07:09Z,16,16
matrix_multiplication_aws,2017-08-05T11:07:10Z,13,13
matrix_multiplication_aws,2017-08-05T11:07:11Z,16,16
matrix_multiplication_aws,2017-08-05T11:07:12Z,14,14
matrix_multiplication_aws,2017-08-05T11:07:13Z,15,15
matrix_multiplication_aws,2017-08-05T11:07:14Z,15,15
matrix_multiplication_aws,2017-08-05T11:07:15Z,15,15
matrix_multiplication_aws,2017-08-05T11:07:16Z,14,14
matrix_multiplication_aws,2017-08-05T11:07:17Z,15,15
matrix_multiplication_aws,2017-08-05T11:07:18Z,15,15
matrix_multiplication_aws,2017-08-05T11:07:19Z,17,17
matrix_multiplication_aws,2017-08-05T11:07:20Z,15,15
matrix_multiplication_aws,2017-08-05T11:07:21Z,15,15
matrix_multiplication_aws,2017-08-05T11:07:22Z,16,16
matrix_multiplication_aws,2017-08-05T11:07:23Z,17,17
matrix_multiplication_aws,2017-08-05T11:07:24Z,16,16
matrix_multiplication_aws,2017-08-05T11:07:25Z,16,16
matrix_multiplication_aws,2017-08-05T11:07:26Z,17,17
matrix_multiplication_aws,2017-08-05T11:07:27Z,17,17
matrix_multiplication_aws,2017-08-05T11:07:28Z,17,17
matrix_multiplication_aws,2017-08-05T11:07:29Z,16,16
matrix_multiplication_aws,2017-08-05T11:07:30Z,17,17
matrix_multiplication_aws,2017-08-05T11:07:31Z,17,17
matrix_multiplication_aws,2017-08-05T11:07:32Z,18,18
matrix_multiplication_aws,2017-08-05T11:07:33Z,18,18
matrix_multiplication_aws,2017-08-05T11:07:34Z,16,16
matrix_multiplication_aws,2017-08-05T11:07:35Z,18,18
matrix_multiplication_aws,2017-08-05T11:07:36Z,18,18
matrix_multiplication_aws,2017-08-05T11:07:37Z,19,19
matrix_multiplication_aws,2017-08-05T11:07:38Z,18,18
matrix_multiplication_aws,2017-08-05T11:07:39Z,18,18
matrix_multiplication_aws,2017-08-05T11:07:40Z,19,19
matrix_multiplication_aws,2017-08-05T11:07:41Z,19,19
matrix_multiplication_aws,2017-08-05T11:07:42Z,18,18
matrix_multiplication_aws,2017-08-05T11:07:43Z,18,18
matrix_multiplication_aws,2017-08-05T11:07:44Z,19,19
matrix_multiplication_aws,2017-08-05T11:07:45Z,19,19
matrix_multiplication_aws,2017-08-05T11:07:46Z,18,18
matrix_multiplication_aws,2017-08-05T11:07:47Z,19,19
matrix_multiplication_aws,2017-08-05T11:07:48Z,18,18
matrix_multiplication_aws,2017-08-05T11:07:49Z,19,19
matrix_multiplication_aws,2017-08-05T11:07:50Z,22,22
matrix_multiplication_aws,2017-08-05T11:07:51Z,20,20
matrix_multiplication_aws,2017-08-05T11:07:52Z,19,19
matrix_multiplication_aws,2017-08-05T11:07:53Z,21,21
matrix_multiplication_aws,2017-08-05T11:07:54Z,20,20
matrix_multiplication_aws,2017-08-05T11:07:55Z,21,21
matrix_multiplication_aws,2017-08-05T11:07:56Z,22,22
matrix_multiplication_aws,2017-08-05T11:07:57Z,21,21
matrix_multiplication_aws,2017-08-05T11:07:58Z,21,21
matrix_multiplication_aws,2017-08-05T11:07:59Z,20,20
matrix_multiplication_aws,2017-08-05T11:08:00Z,23,23
matrix_multiplication_aws,2017-08-05T11:08:01Z,21,21
matrix_multiplication_aws,2017-08-05T11:08:02Z,20,20
matrix_multiplication_aws,2017-08-05T11:08:03Z,21,21
matrix_multiplication_aws,2017-08-05T11:08:04Z,21,21
matrix_multiplication_aws,2017-08-05T11:08:05Z,22,22
matrix_multiplication_aws,2017-08-05T11:08:06Z,23,23
matrix_multiplication_aws,2017-08-05T11:08:07Z,22,22
matrix_multiplication_aws,2017-08-05T11:08:08Z,21,21
matrix_multiplication_aws,2017-08-05T11:08:09Z,24,24
matrix_multiplication_aws,2017-08-05T11:08:10Z,23,23
matrix_multiplication_aws,2017-08-05T11:08:11Z,22,22
matrix_multiplication_aws,2017-08-05T11:08:12Z,22,22
matrix_multiplication_aws,2017-08-05T11:08:13Z,24,24
matrix_multiplication_aws,2017-08-05T11:08:14Z,23,23
matrix_multiplication_aws,2017-08-05T11:08:15Z,23,23
matrix_multiplication_aws,2017-08-05T11:08:16Z,23,23
matrix_multiplication_aws,2017-08-05T11:08:17Z,24,24
matrix_multiplication_aws,2017-08-05T11:08:18Z,23,23
matrix_multiplication_aws,2017-08-05T11:08:19Z,23,23
matrix_multiplication_aws,2017-08-05T11:08:20Z,25,25
matrix_multiplication_aws,2017-08-05T11:08:21Z,25,25
matrix_multiplication_aws,2017-08-05T11:08:22Z,23,23
matrix_multiplication_aws,2017-08-05T11:08:23Z,22,22
matrix_multiplication_aws,2017-08-05T11:08:24Z,25,25
matrix_multiplication_aws,2017-08-05T11:08:25Z,26,26
matrix_multiplication_aws,2017-08-05T11:08:26Z,24,24
matrix_multiplication_aws,2017-08-05T11:08:27Z,22,22
matrix_multiplication_aws,2017-08-05T11:08:28Z,26,26
matrix_multiplication_aws,2017-08-05T11:08:29Z,23,23
matrix_multiplication_aws,2017-08-05T11:08:30Z,27,27
matrix_multiplication_aws,2017-08-05T11:08:31Z,24,24
matrix_multiplication_aws,2017-08-05T11:08:32Z,25,25
matrix_multiplication_aws,2017-08-05T11:08:33Z,26,26
matrix_multiplication_aws,2017-08-05T11:08:34Z,23,23
matrix_multiplication_aws,2017-08-05T11:08:35Z,29,29
matrix_multiplication_aws,2017-08-05T11:08:36Z,27,27
matrix_multiplication_aws,2017-08-05T11:08:37Z,24,24
matrix_multiplication_aws,2017-08-05T11:08:38Z,25,25
matrix_multiplication_aws,2017-08-05T11:08:39Z,28,28
matrix_multiplication_aws,2017-08-05T11:08:40Z,29,29
matrix_multiplication_aws,2017-08-05T11:08:41Z,26,26
matrix_multiplication_aws,2017-08-05T11:08:42Z,27,27
matrix_multiplication_aws,2017-08-05T11:08:43Z,26,26
matrix_multiplication_aws,2017-08-05T11:08:44Z,23,23
matrix_multiplication_aws,2017-08-05T11:08:45Z,29,29
matrix_multiplication_aws,2017-08-05T11:08:46Z,28,28
matrix_multiplication_aws,2017-08-05T11:08:47Z,28,28
matrix_multiplication_aws,2017-08-05T11:08:48Z,27,27
matrix_multiplication_aws,2017-08-05T11:08:49Z,27,27
matrix_multiplication_aws,2017-08-05T11:08:50Z,28,28
matrix_multiplication_aws,2017-08-05T11:08:51Z,30,30
matrix_multiplication_aws,2017-08-05T11:08:52Z,27,27
matrix_multiplication_aws,2017-08-05T11:08:53Z,28,28
matrix_multiplication_aws,2017-08-05T11:08:54Z,29,29
matrix_multiplication_aws,2017-08-05T11:08:55Z,26,26
matrix_multiplication_aws,2017-08-05T11:08:56Z,30,30
matrix_multiplication_aws,2017-08-05T11:08:57Z,29,29
matrix_multiplication_aws,2017-08-05T11:08:58Z,27,27
matrix_multiplication_aws,2017-08-05T11:08:59Z,31,31
matrix_multiplication_aws,2017-08-05T11:09:00Z,30,30
matrix_multiplication_aws,2017-08-05T11:09:01Z,28,28
matrix_multiplication_aws,2017-08-05T11:09:02Z,29,29
matrix_multiplication_aws,2017-08-05T11:09:03Z,30,30
matrix_multiplication_aws,2017-08-05T11:09:04Z,30,30
matrix_multiplication_aws,2017-08-05T11:09:05Z,30,30
matrix_multiplication_aws,2017-08-05T11:09:06Z,30,30
matrix_multiplication_aws,2017-08-05T11:09:07Z,31,31
matrix_multiplication_aws,2017-08-05T11:09:08Z,28,28
matrix_multiplication_aws,2017-08-05T11:09:09Z,28,28
matrix_multiplication_aws,2017-08-05T11:09:10Z,29,29
matrix_multiplication_aws,2017-08-05T11:09:11Z,30,30
matrix_multiplication_aws,2017-08-05T11:09:12Z,30,30
matrix_multiplication_aws,2017-08-05T11:09:13Z,31,31
matrix_multiplication_aws,2017-08-05T11:09:14Z,32,32
matrix_multiplication_aws,2017-08-05T11:09:15Z,31,31
matrix_multiplication_aws,2017-08-05T11:09:16Z,31,31
matrix_multiplication_aws,2017-08-05T11:09:17Z,24,24
matrix_multiplication_aws,2017-08-05T11:09:18Z,37,37
matrix_multiplication_aws,2017-08-05T11:09:19Z,33,33
matrix_multiplication_aws,2017-08-05T11:09:20Z,30,30
matrix_multiplication_aws,2017-08-05T11:09:21Z,33,33
matrix_multiplication_aws,2017-08-05T11:09:22Z,32,32
matrix_multiplication_aws,2017-08-05T11:09:23Z,26,26
matrix_multiplication_aws,2017-08-05T11:09:24Z,26,26
matrix_multiplication_aws,2017-08-05T11:09:25Z,39,39
matrix_multiplication_aws,2017-08-05T11:09:26Z,32,32
matrix_multiplication_aws,2017-08-05T11:09:27Z,30,30
matrix_multiplication_aws,2017-08-05T11:09:28Z,35,35
matrix_multiplication_aws,2017-08-05T11:09:29Z,33,33
matrix_multiplication_aws,2017-08-05T11:09:30Z,34,34
matrix_multiplication_aws,2017-08-05T11:09:31Z,35,35
matrix_multiplication_aws,2017-08-05T11:09:32Z,32,32
matrix_multiplication_aws,2017-08-05T11:09:33Z,32,32
matrix_multiplication_aws,2017-08-05T11:09:34Z,35,35
matrix_multiplication_aws,2017-08-05T11:09:35Z,32,32
matrix_multiplication_aws,2017-08-05T11:09:36Z,33,33
matrix_multiplication_aws,2017-08-05T11:09:37Z,35,35
matrix_multiplication_aws,2017-08-05T11:09:38Z,24,24
matrix_multiplication_aws,2017-08-05T11:09:39Z,46,46
matrix_multiplication_aws,2017-08-05T11:09:40Z,33,33
matrix_multiplication_aws,2017-08-05T11:09:41Z,35,35
matrix_multiplication_aws,2017-08-05T11:09:42Z,32,32
matrix_multiplication_aws,2017-08-05T11:09:43Z,35,35
matrix_multiplication_aws,2017-08-05T11:09:44Z,37,37
matrix_multiplication_aws,2017-08-05T11:09:45Z,35,35
matrix_multiplication_aws,2017-08-05T11:09:46Z,36,36
matrix_multiplication_aws,2017-08-05T11:09:47Z,36,36
matrix_multiplication_aws,2017-08-05T11:09:48Z,35,35
matrix_multiplication_aws,2017-08-05T11:09:49Z,33,33
matrix_multiplication_aws,2017-08-05T11:09:50Z,38,38
matrix_multiplication_aws,2017-08-05T11:09:51Z,36,36
matrix_multiplication_aws,2017-08-05T11:09:52Z,36,36
matrix_multiplication_aws,2017-08-05T11:09:53Z,37,37
matrix_multiplication_aws,2017-08-05T11:09:54Z,35,35
matrix_multiplication_aws,2017-08-05T11:09:55Z,39,39
matrix_multiplication_aws,2017-08-05T11:09:56Z,37,37
matrix_multiplication_aws,2017-08-05T11:09:57Z,37,37
matrix_multiplication_aws,2017-08-05T11:09:58Z,35,35
matrix_multiplication_aws,2017-08-05T11:09:59Z,36,36
matrix_multiplication_aws,2017-08-05T11:10:00Z,36,36
matrix_multiplication_aws,2017-08-05T11:10:01Z,39,39
matrix_multiplication_aws,2017-08-05T11:10:02Z,39,39
matrix_multiplication_aws,2017-08-05T11:10:03Z,36,36
matrix_multiplication_aws,2017-08-05T11:10:04Z,39,39
matrix_multiplication_aws,2017-08-05T11:10:05Z,37,37
matrix_multiplication_aws,2017-08-05T11:10:06Z,38,38
matrix_multiplication_aws,2017-08-05T11:10:07Z,39,39
matrix_multiplication_aws,2017-08-05T11:10:08Z,37,37
matrix_multiplication_aws,2017-08-05T11:10:09Z,39,39
matrix_multiplication_aws,2017-08-05T11:10:10Z,37,37
matrix_multiplication_aws,2017-08-05T11:10:11Z,32,32
matrix_multiplication_aws,2017-08-05T11:10:12Z,47,47
matrix_multiplication_aws,2017-08-05T11:10:13Z,39,39
matrix_multiplication_aws,2017-08-05T11:10:14Z,38,38
matrix_multiplication_aws,2017-08-05T11:10:15Z,40,40
matrix_multiplication_aws,2017-08-05T11:10:16Z,41,41
matrix_multiplication_aws,2017-08-05T11:10:17Z,37,37
matrix_multiplication_aws,2017-08-05T11:10:18Z,39,39
matrix_multiplication_aws,2017-08-05T11:10:19Z,40,40
matrix_multiplication_aws,2017-08-05T11:10:20Z,38,38
matrix_multiplication_aws,2017-08-05T11:10:21Z,41,41
matrix_multiplication_aws,2017-08-05T11:10:22Z,34,34
matrix_multiplication_aws,2017-08-05T11:10:23Z,46,46
matrix_multiplication_aws,2017-08-05T11:10:24Z,40,40
matrix_multiplication_aws,2017-08-05T11:10:25Z,41,41
matrix_multiplication_aws,2017-08-05T11:10:26Z,42,42
matrix_multiplication_aws,2017-08-05T11:10:27Z,39,39
matrix_multiplication_aws,2017-08-05T11:10:28Z,41,41
matrix_multiplication_aws,2017-08-05T11:10:29Z,43,43
matrix_multiplication_aws,2017-08-05T11:10:30Z,40,40
matrix_multiplication_aws,2017-08-05T11:10:31Z,39,39
matrix_multiplication_aws,2017-08-05T11:10:32Z,32,32
matrix_multiplication_aws,2017-08-05T11:10:33Z,50,50
matrix_multiplication_aws,2017-08-05T11:10:34Z,42,42
matrix_multiplication_aws,2017-08-05T11:10:35Z,37,37
matrix_multiplication_aws,2017-08-05T11:10:36Z,43,43
matrix_multiplication_aws,2017-08-05T11:10:37Z,41,41
matrix_multiplication_aws,2017-08-05T11:10:38Z,44,44
matrix_multiplication_aws,2017-08-05T11:10:39Z,42,42
matrix_multiplication_aws,2017-08-05T11:10:40Z,41,41
matrix_multiplication_aws,2017-08-05T11:10:41Z,44,44
matrix_multiplication_aws,2017-08-05T11:10:42Z,30,30
matrix_multiplication_aws,2017-08-05T11:10:43Z,51,51
matrix_multiplication_aws,2017-08-05T11:10:44Z,39,39
matrix_multiplication_aws,2017-08-05T11:10:45Z,44,44
matrix_multiplication_aws,2017-08-05T11:10:46Z,43,43
matrix_multiplication_aws,2017-08-05T11:10:47Z,42,42
matrix_multiplication_aws,2017-08-05T11:10:48Z,45,45
matrix_multiplication_aws,2017-08-05T11:10:49Z,44,44
matrix_multiplication_aws,2017-08-05T11:10:50Z,43,43
matrix_multiplication_aws,2017-08-05T11:10:51Z,45,45
matrix_multiplication_aws,2017-08-05T11:10:52Z,40,40
matrix_multiplication_aws,2017-08-05T11:10:53Z,41,41
matrix_multiplication_aws,2017-08-05T11:10:54Z,44,44
matrix_multiplication_aws,2017-08-05T11:10:55Z,43,43
matrix_multiplication_aws,2017-08-05T11:10:56Z,44,44
matrix_multiplication_aws,2017-08-05T11:10:57Z,44,44
matrix_multiplication_aws,2017-08-05T11:10:58Z,48,48
matrix_multiplication_aws,2017-08-05T11:10:59Z,44,44
matrix_multiplication_aws,2017-08-05T11:11:00Z,46,46
matrix_multiplication_aws,2017-08-05T11:11:01Z,43,43
matrix_multiplication_aws,2017-08-05T11:11:02Z,47,47
matrix_multiplication_aws,2017-08-05T11:11:03Z,44,44
matrix_multiplication_aws,2017-08-05T11:11:04Z,40,40
matrix_multiplication_aws,2017-08-05T11:11:05Z,50,50
matrix_multiplication_aws,2017-08-05T11:11:06Z,47,47
matrix_multiplication_aws,2017-08-05T11:11:07Z,47,47
matrix_multiplication_aws,2017-08-05T11:11:08Z,45,45
matrix_multiplication_aws,2017-08-05T11:11:09Z,46,46
matrix_multiplication_aws,2017-08-05T11:11:10Z,47,47
matrix_multiplication_aws,2017-08-05T11:11:11Z,47,47
matrix_multiplication_aws,2017-08-05T11:11:12Z,45,45
matrix_multiplication_aws,2017-08-05T11:11:13Z,45,45
matrix_multiplication_aws,2017-08-05T11:11:14Z,44,44
matrix_multiplication_aws,2017-08-05T11:11:15Z,49,49
matrix_multiplication_aws,2017-08-05T11:11:16Z,49,49
matrix_multiplication_aws,2017-08-05T11:11:17Z,46,46
matrix_multiplication_aws,2017-08-05T11:11:18Z,45,45
matrix_multiplication_aws,2017-08-05T11:11:19Z,48,48
matrix_multiplication_aws,2017-08-05T11:11:20Z,48,48
matrix_multiplication_aws,2017-08-05T11:11:21Z,46,46
matrix_multiplication_aws,2017-08-05T11:11:22Z,50,50
matrix_multiplication_aws,2017-08-05T11:11:23Z,47,47
matrix_multiplication_aws,2017-08-05T11:11:24Z,46,46
matrix_multiplication_aws,2017-08-05T11:11:25Z,43,43
matrix_multiplication_aws,2017-08-05T11:11:26Z,49,49
matrix_multiplication_aws,2017-08-05T11:11:27Z,49,49
matrix_multiplication_aws,2017-08-05T11:11:28Z,49,49
matrix_multiplication_aws,2017-08-05T11:11:29Z,49,49
matrix_multiplication_aws,2017-08-05T11:11:30Z,48,48
matrix_multiplication_aws,2017-08-05T11:11:31Z,47,47
matrix_multiplication_aws,2017-08-05T11:11:32Z,50,50
matrix_multiplication_aws,2017-08-05T11:11:33Z,49,49
matrix_multiplication_aws,2017-08-05T11:11:34Z,50,50
matrix_multiplication_aws,2017-08-05T11:11:35Z,46,46
matrix_multiplication_aws,2017-08-05T11:11:36Z,49,49
matrix_multiplication_aws,2017-08-05T11:11:37Z,49,49
matrix_multiplication_aws,2017-08-05T11:11:38Z,49,49
matrix_multiplication_aws,2017-08-05T11:11:39Z,52,52
matrix_multiplication_aws,2017-08-05T11:11:40Z,47,47
matrix_multiplication_aws,2017-08-05T11:11:41Z,47,47
matrix_multiplication_aws,2017-08-05T11:11:42Z,51,51
matrix_multiplication_aws,2017-08-05T11:11:43Z,47,47
matrix_multiplication_aws,2017-08-05T11:11:44Z,50,50
matrix_multiplication_aws,2017-08-05T11:11:45Z,53,53
matrix_multiplication_aws,2017-08-05T11:11:46Z,51,51
matrix_multiplication_aws,2017-08-05T11:11:47Z,43,43
matrix_multiplication_aws,2017-08-05T11:11:48Z,50,50
matrix_multiplication_aws,2017-08-05T11:11:49Z,52,52
matrix_multiplication_aws,2017-08-05T11:11:50Z,52,52
matrix_multiplication_aws,2017-08-05T11:11:51Z,50,50
matrix_multiplication_aws,2017-08-05T11:11:52Z,50,50
matrix_multiplication_aws,2017-08-05T11:11:53Z,51,51
matrix_multiplication_aws,2017-08-05T11:11:54Z,50,50
matrix_multiplication_aws,2017-08-05T11:11:55Z,53,53
matrix_multiplication_aws,2017-08-05T11:11:56Z,50,50
matrix_multiplication_aws,2017-08-05T11:11:57Z,43,43
matrix_multiplication_aws,2017-08-05T11:11:58Z,57,57
matrix_multiplication_aws,2017-08-05T11:11:59Z,51,51
matrix_multiplication_aws,2017-08-05T11:12:00Z,54,54
matrix_multiplication_aws,2017-08-05T11:12:01Z,48,48
matrix_multiplication_aws,2017-08-05T11:12:02Z,51,51
matrix_multiplication_aws,2017-08-05T11:12:03Z,52,52
matrix_multiplication_aws,2017-08-05T11:12:04Z,54,54
matrix_multiplication_aws,2017-08-05T11:12:05Z,52,52
matrix_multiplication_aws,2017-08-05T11:12:06Z,52,52
matrix_multiplication_aws,2017-08-05T11:12:07Z,52,52
matrix_multiplication_aws,2017-08-05T11:12:08Z,40,40
matrix_multiplication_aws,2017-08-05T11:12:09Z,62,62
matrix_multiplication_aws,2017-08-05T11:12:10Z,53,53
matrix_multiplication_aws,2017-08-05T11:12:11Z,53,53
matrix_multiplication_aws,2017-08-05T11:12:12Z,55,55
matrix_multiplication_aws,2017-08-05T11:12:13Z,54,54
matrix_multiplication_aws,2017-08-05T11:12:14Z,44,44
matrix_multiplication_aws,2017-08-05T11:12:15Z,65,65
matrix_multiplication_aws,2017-08-05T11:12:16Z,54,54
matrix_multiplication_aws,2017-08-05T11:12:17Z,51,51
matrix_multiplication_aws,2017-08-05T11:12:18Z,56,56
matrix_multiplication_aws,2017-08-05T11:12:19Z,55,55
matrix_multiplication_aws,2017-08-05T11:12:20Z,55,55
matrix_multiplication_aws,2017-08-05T11:12:21Z,53,53
matrix_multiplication_aws,2017-08-05T11:12:22Z,58,58
matrix_multiplication_aws,2017-08-05T11:12:23Z,53,53
matrix_multiplication_aws,2017-08-05T11:12:24Z,56,56
matrix_multiplication_aws,2017-08-05T11:12:25Z,56,56
matrix_multiplication_aws,2017-08-05T11:12:26Z,50,50
matrix_multiplication_aws,2017-08-05T11:12:27Z,55,55
matrix_multiplication_aws,2017-08-05T11:12:28Z,56,56
matrix_multiplication_aws,2017-08-05T11:12:29Z,27,27
matrix_multiplication_aws,2017-08-05T11:12:30Z,67,67
matrix_multiplication_aws,2017-08-05T11:12:31Z,56,56
matrix_multiplication_aws,2017-08-05T11:12:32Z,58,58
matrix_multiplication_aws,2017-08-05T11:12:33Z,56,56
matrix_multiplication_aws,2017-08-05T11:12:34Z,60,60
matrix_multiplication_aws,2017-08-05T11:12:35Z,57,57
matrix_multiplication_aws,2017-08-05T11:12:36Z,55,55
matrix_multiplication_aws,2017-08-05T11:12:37Z,57,57
matrix_multiplication_aws,2017-08-05T11:12:38Z,60,60
matrix_multiplication_aws,2017-08-05T11:12:39Z,54,54
matrix_multiplication_aws,2017-08-05T11:12:40Z,50,50
matrix_multiplication_aws,2017-08-05T11:12:41Z,57,57
matrix_multiplication_aws,2017-08-05T11:12:42Z,57,57
matrix_multiplication_aws,2017-08-05T11:12:43Z,58,58
matrix_multiplication_aws,2017-08-05T11:12:44Z,58,58
matrix_multiplication_aws,2017-08-05T11:12:45Z,58,58
matrix_multiplication_aws,2017-08-05T11:12:46Z,58,58
matrix_multiplication_aws,2017-08-05T11:12:47Z,57,57
matrix_multiplication_aws,2017-08-05T11:12:48Z,55,55
matrix_multiplication_aws,2017-08-05T11:12:49Z,59,59
matrix_multiplication_aws,2017-08-05T11:12:50Z,54,54
matrix_multiplication_aws,2017-08-05T11:12:51Z,63,63
matrix_multiplication_aws,2017-08-05T11:12:52Z,59,59
matrix_multiplication_aws,2017-08-05T11:12:53Z,59,59
matrix_multiplication_aws,2017-08-05T11:12:54Z,59,59
matrix_multiplication_aws,2017-08-05T11:12:55Z,57,57
matrix_multiplication_aws,2017-08-05T11:12:56Z,59,59
matrix_multiplication_aws,2017-08-05T11:12:57Z,61,61
matrix_multiplication_aws,2017-08-05T11:12:58Z,60,60
matrix_multiplication_aws,2017-08-05T11:12:59Z,61,61
matrix_multiplication_aws,2017-08-05T11:13:00Z,47,47
matrix_multiplication_aws,2017-08-05T11:13:01Z,26,26
matrix_multiplication_aws,2017-08-05T11:13:02Z,31,31
matrix_multiplication_aws,2017-08-05T11:13:03Z,101,101
matrix_multiplication_aws,2017-08-05T11:13:04Z,64,64
matrix_multiplication_aws,2017-08-05T11:13:05Z,63,63
matrix_multiplication_aws,2017-08-05T11:13:06Z,62,62
matrix_multiplication_aws,2017-08-05T11:13:07Z,62,62
matrix_multiplication_aws,2017-08-05T11:13:08Z,58,58
matrix_multiplication_aws,2017-08-05T11:13:09Z,62,62
matrix_multiplication_aws,2017-08-05T11:13:10Z,61,61
matrix_multiplication_aws,2017-08-05T11:13:11Z,58,58
matrix_multiplication_aws,2017-08-05T11:13:12Z,63,63
matrix_multiplication_aws,2017-08-05T11:13:13Z,60,60
matrix_multiplication_aws,2017-08-05T11:13:14Z,64,64
matrix_multiplication_aws,2017-08-05T11:13:15Z,61,61
matrix_multiplication_aws,2017-08-05T11:13:16Z,60,60
matrix_multiplication_aws,2017-08-05T11:13:17Z,63,63
matrix_multiplication_aws,2017-08-05T11:13:18Z,64,64
matrix_multiplication_aws,2017-08-05T11:13:19Z,65,65
matrix_multiplication_aws,2017-08-05T11:13:20Z,60,60
matrix_multiplication_aws,2017-08-05T11:13:21Z,68,68
matrix_multiplication_aws,2017-08-05T11:13:22Z,61,61
matrix_multiplication_aws,2017-08-05T11:13:23Z,66,66
matrix_multiplication_aws,2017-08-05T11:13:24Z,67,67
matrix_multiplication_aws,2017-08-05T11:13:25Z,63,63
matrix_multiplication_aws,2017-08-05T11:13:26Z,62,62
matrix_multiplication_aws,2017-08-05T11:13:27Z,65,65
matrix_multiplication_aws,2017-08-05T11:13:28Z,65,65
matrix_multiplication_aws,2017-08-05T11:13:29Z,66,66
matrix_multiplication_aws,2017-08-05T11:13:30Z,64,64
matrix_multiplication_aws,2017-08-05T11:13:31Z,65,65
matrix_multiplication_aws,2017-08-05T11:13:32Z,62,62
matrix_multiplication_aws,2017-08-05T11:13:33Z,51,51
matrix_multiplication_aws,2017-08-05T11:13:34Z,74,74
matrix_multiplication_aws,2017-08-05T11:13:35Z,63,63
matrix_multiplication_aws,2017-08-05T11:13:36Z,70,70
matrix_multiplication_aws,2017-08-05T11:13:37Z,63,63
matrix_multiplication_aws,2017-08-05T11:13:38Z,67,67
matrix_multiplication_aws,2017-08-05T11:13:39Z,62,62
matrix_multiplication_aws,2017-08-05T11:13:40Z,62,62
matrix_multiplication_aws,2017-08-05T11:13:41Z,66,66
matrix_multiplication_aws,2017-08-05T11:13:42Z,66,66
matrix_multiplication_aws,2017-08-05T11:13:43Z,63,63
matrix_multiplication_aws,2017-08-05T11:13:44Z,52,52
matrix_multiplication_aws,2017-08-05T11:13:45Z,70,70
matrix_multiplication_aws,2017-08-05T11:13:46Z,65,65
matrix_multiplication_aws,2017-08-05T11:13:47Z,66,66
matrix_multiplication_aws,2017-08-05T11:13:48Z,68,68
matrix_multiplication_aws,2017-08-05T11:13:49Z,64,64
matrix_multiplication_aws,2017-08-05T11:13:50Z,69,69
matrix_multiplication_aws,2017-08-05T11:13:51Z,66,66
matrix_multiplication_aws,2017-08-05T11:13:52Z,66,66
matrix_multiplication_aws,2017-08-05T11:13:53Z,68,68
matrix_multiplication_aws,2017-08-05T11:13:54Z,61,61
matrix_multiplication_aws,2017-08-05T11:13:55Z,63,63
matrix_multiplication_aws,2017-08-05T11:13:56Z,69,69
matrix_multiplication_aws,2017-08-05T11:13:57Z,70,70
matrix_multiplication_aws,2017-08-05T11:13:58Z,66,66
matrix_multiplication_aws,2017-08-05T11:13:59Z,68,68
matrix_multiplication_aws,2017-08-05T11:14:00Z,70,70
matrix_multiplication_aws,2017-08-05T11:14:01Z,67,67
matrix_multiplication_aws,2017-08-05T11:14:02Z,69,69
matrix_multiplication_aws,2017-08-05T11:14:03Z,69,69
matrix_multiplication_aws,2017-08-05T11:14:04Z,67,67
matrix_multiplication_aws,2017-08-05T11:14:05Z,59,59
matrix_multiplication_aws,2017-08-05T11:14:06Z,76,76
matrix_multiplication_aws,2017-08-05T11:14:07Z,68,68
matrix_multiplication_aws,2017-08-05T11:14:08Z,71,71
matrix_multiplication_aws,2017-08-05T11:14:09Z,68,68
matrix_multiplication_aws,2017-08-05T11:14:10Z,68,68
matrix_multiplication_aws,2017-08-05T11:14:11Z,70,70
matrix_multiplication_aws,2017-08-05T11:14:12Z,70,70
matrix_multiplication_aws,2017-08-05T11:14:13Z,68,68
matrix_multiplication_aws,2017-08-05T11:14:14Z,67,67
matrix_multiplication_aws,2017-08-05T11:14:15Z,71,71
matrix_multiplication_aws,2017-08-05T11:14:16Z,58,58
matrix_multiplication_aws,2017-08-05T11:14:17Z,77,77
matrix_multiplication_aws,2017-08-05T11:14:18Z,70,70
matrix_multiplication_aws,2017-08-05T11:14:19Z,69,69
matrix_multiplication_aws,2017-08-05T11:14:20Z,72,72
matrix_multiplication_aws,2017-08-05T11:14:21Z,70,70
matrix_multiplication_aws,2017-08-05T11:14:22Z,70,70
matrix_multiplication_aws,2017-08-05T11:14:23Z,74,74
matrix_multiplication_aws,2017-08-05T11:14:24Z,71,71
matrix_multiplication_aws,2017-08-05T11:14:25Z,74,74
matrix_multiplication_aws,2017-08-05T11:14:26Z,69,69
matrix_multiplication_aws,2017-08-05T11:14:27Z,68,68
matrix_multiplication_aws,2017-08-05T11:14:28Z,71,71
matrix_multiplication_aws,2017-08-05T11:14:29Z,69,69
matrix_multiplication_aws,2017-08-05T11:14:30Z,71,71
matrix_multiplication_aws,2017-08-05T11:14:31Z,71,71
matrix_multiplication_aws,2017-08-05T11:14:32Z,71,71
matrix_multiplication_aws,2017-08-05T11:14:33Z,72,72
matrix_multiplication_aws,2017-08-05T11:14:34Z,74,74
matrix_multiplication_aws,2017-08-05T11:14:35Z,73,73
matrix_multiplication_aws,2017-08-05T11:14:36Z,68,68
matrix_multiplication_aws,2017-08-05T11:14:37Z,73,73
matrix_multiplication_aws,2017-08-05T11:14:38Z,70,70
matrix_multiplication_aws,2017-08-05T11:14:39Z,75,75
matrix_multiplication_aws,2017-08-05T11:14:40Z,78,78
matrix_multiplication_aws,2017-08-05T11:14:41Z,75,75
matrix_multiplication_aws,2017-08-05T11:14:42Z,73,73
matrix_multiplication_aws,2017-08-05T11:14:43Z,72,72
matrix_multiplication_aws,2017-08-05T11:14:44Z,73,73
matrix_multiplication_aws,2017-08-05T11:14:45Z,74,74
matrix_multiplication_aws,2017-08-05T11:14:46Z,74,74
matrix_multiplication_aws,2017-08-05T11:14:47Z,76,76
matrix_multiplication_aws,2017-08-05T11:14:48Z,68,68
matrix_multiplication_aws,2017-08-05T11:14:49Z,67,67
matrix_multiplication_aws,2017-08-05T11:14:50Z,77,77
matrix_multiplication_aws,2017-08-05T11:14:51Z,80,80
matrix_multiplication_aws,2017-08-05T11:14:52Z,71,71
matrix_multiplication_aws,2017-08-05T11:14:53Z,72,72
matrix_multiplication_aws,2017-08-05T11:14:54Z,71,71
matrix_multiplication_aws,2017-08-05T11:14:55Z,76,76
matrix_multiplication_aws,2017-08-05T11:14:56Z,71,71
matrix_multiplication_aws,2017-08-05T11:14:57Z,76,76
matrix_multiplication_aws,2017-08-05T11:14:58Z,64,64
matrix_multiplication_aws,2017-08-05T11:14:59Z,78,78
matrix_multiplication_aws,2017-08-05T11:15:00Z,73,73
matrix_multiplication_aws,2017-08-05T11:15:01Z,78,78
matrix_multiplication_aws,2017-08-05T11:15:02Z,77,77
matrix_multiplication_aws,2017-08-05T11:15:03Z,74,74
matrix_multiplication_aws,2017-08-05T11:15:04Z,79,79
matrix_multiplication_aws,2017-08-05T11:15:05Z,76,76
matrix_multiplication_aws,2017-08-05T11:15:06Z,77,77
matrix_multiplication_aws,2017-08-05T11:15:07Z,77,77
matrix_multiplication_aws,2017-08-05T11:15:08Z,75,75
matrix_multiplication_aws,2017-08-05T11:15:09Z,74,74
matrix_multiplication_aws,2017-08-05T11:15:10Z,76,76
matrix_multiplication_aws,2017-08-05T11:15:11Z,79,79
matrix_multiplication_aws,2017-08-05T11:15:12Z,78,78
matrix_multiplication_aws,2017-08-05T11:15:13Z,77,77
matrix_multiplication_aws,2017-08-05T11:15:14Z,76,76
matrix_multiplication_aws,2017-08-05T11:15:15Z,80,80
matrix_multiplication_aws,2017-08-05T11:15:16Z,76,76
matrix_multiplication_aws,2017-08-05T11:15:17Z,77,77
matrix_multiplication_aws,2017-08-05T11:15:18Z,76,76
matrix_multiplication_aws,2017-08-05T11:15:19Z,77,77
matrix_multiplication_aws,2017-08-05T11:15:20Z,69,69
matrix_multiplication_aws,2017-08-05T11:15:21Z,70,70
matrix_multiplication_aws,2017-08-05T11:15:22Z,91,91
matrix_multiplication_aws,2017-08-05T11:15:23Z,78,78
matrix_multiplication_aws,2017-08-05T11:15:24Z,77,77
matrix_multiplication_aws,2017-08-05T11:15:25Z,79,79
matrix_multiplication_aws,2017-08-05T11:15:26Z,78,78
matrix_multiplication_aws,2017-08-05T11:15:27Z,77,77
matrix_multiplication_aws,2017-08-05T11:15:28Z,83,83
matrix_multiplication_aws,2017-08-05T11:15:29Z,82,82
matrix_multiplication_aws,2017-08-05T11:15:30Z,72,72
matrix_multiplication_aws,2017-08-05T11:15:31Z,77,77
matrix_multiplication_aws,2017-08-05T11:15:32Z,85,85
matrix_multiplication_aws,2017-08-05T11:15:33Z,80,80
matrix_multiplication_aws,2017-08-05T11:15:34Z,76,76
matrix_multiplication_aws,2017-08-05T11:15:35Z,81,81
matrix_multiplication_aws,2017-08-05T11:15:36Z,79,79
matrix_multiplication_aws,2017-08-05T11:15:37Z,81,81
matrix_multiplication_aws,2017-08-05T11:15:38Z,80,80
matrix_multiplication_aws,2017-08-05T11:15:39Z,79,79
matrix_multiplication_aws,2017-08-05T11:15:40Z,80,80
matrix_multiplication_aws,2017-08-05T11:15:41Z,72,72
matrix_multiplication_aws,2017-08-05T11:15:42Z,69,69
matrix_multiplication_aws,2017-08-05T11:15:43Z,85,85
matrix_multiplication_aws,2017-08-05T11:15:44Z,84,84
matrix_multiplication_aws,2017-08-05T11:15:45Z,78,78
matrix_multiplication_aws,2017-08-05T11:15:46Z,81,81
matrix_multiplication_aws,2017-08-05T11:15:47Z,82,82
matrix_multiplication_aws,2017-08-05T11:15:48Z,82,82
matrix_multiplication_aws,2017-08-05T11:15:49Z,83,83
matrix_multiplication_aws,2017-08-05T11:15:50Z,82,82
matrix_multiplication_aws,2017-08-05T11:15:51Z,80,80
matrix_multiplication_aws,2017-08-05T11:15:52Z,76,76
matrix_multiplication_aws,2017-08-05T11:15:53Z,66,66
matrix_multiplication_aws,2017-08-05T11:15:54Z,86,86
matrix_multiplication_aws,2017-08-05T11:15:55Z,82,82
matrix_multiplication_aws,2017-08-05T11:15:56Z,84,84
matrix_multiplication_aws,2017-08-05T11:15:57Z,86,86
matrix_multiplication_aws,2017-08-05T11:15:58Z,85,85
matrix_multiplication_aws,2017-08-05T11:15:59Z,81,81
matrix_multiplication_aws,2017-08-05T11:16:00Z,88,88
matrix_multiplication_aws,2017-08-05T11:16:01Z,83,83
matrix_multiplication_aws,2017-08-05T11:16:02Z,77,77
matrix_multiplication_aws,2017-08-05T11:16:03Z,82,82
matrix_multiplication_aws,2017-08-05T11:16:04Z,79,79
matrix_multiplication_aws,2017-08-05T11:16:05Z,81,81
matrix_multiplication_aws,2017-08-05T11:16:06Z,75,75
matrix_multiplication_aws,2017-08-05T11:16:07Z,86,86
matrix_multiplication_aws,2017-08-05T11:16:08Z,84,84
matrix_multiplication_aws,2017-08-05T11:16:09Z,84,84
matrix_multiplication_aws,2017-08-05T11:16:10Z,84,84
matrix_multiplication_aws,2017-08-05T11:16:11Z,83,83
matrix_multiplication_aws,2017-08-05T11:16:12Z,83,83
matrix_multiplication_aws,2017-08-05T11:16:13Z,76,76
matrix_multiplication_aws,2017-08-05T11:16:14Z,85,85
matrix_multiplication_aws,2017-08-05T11:16:15Z,88,88
matrix_multiplication_aws,2017-08-05T11:16:16Z,86,86
matrix_multiplication_aws,2017-08-05T11:16:17Z,84,84
matrix_multiplication_aws,2017-08-05T11:16:18Z,87,87
matrix_multiplication_aws,2017-08-05T11:16:19Z,46,46
matrix_multiplication_aws,2017-08-05T11:16:20Z,55,55
matrix_multiplication_aws,2017-08-05T11:16:21Z,52,52
matrix_multiplication_aws,2017-08-05T11:16:22Z,138,138
matrix_multiplication_aws,2017-08-05T11:16:23Z,86,86
matrix_multiplication_aws,2017-08-05T11:16:24Z,65,65
matrix_multiplication_aws,2017-08-05T11:16:25Z,101,101
matrix_multiplication_aws,2017-08-05T11:16:26Z,88,88
matrix_multiplication_aws,2017-08-05T11:16:27Z,82,82
matrix_multiplication_aws,2017-08-05T11:16:28Z,88,88
matrix_multiplication_aws,2017-08-05T11:16:29Z,83,83
matrix_multiplication_aws,2017-08-05T11:16:30Z,86,86
matrix_multiplication_aws,2017-08-05T11:16:31Z,84,84
matrix_multiplication_aws,2017-08-05T11:16:32Z,90,90
matrix_multiplication_aws,2017-08-05T11:16:33Z,86,86
matrix_multiplication_aws,2017-08-05T11:16:34Z,83,83
matrix_multiplication_aws,2017-08-05T11:16:35Z,78,78
matrix_multiplication_aws,2017-08-05T11:16:36Z,91,91
matrix_multiplication_aws,2017-08-05T11:16:37Z,82,82
matrix_multiplication_aws,2017-08-05T11:16:38Z,84,84
matrix_multiplication_aws,2017-08-05T11:16:39Z,90,90
matrix_multiplication_aws,2017-08-05T11:16:40Z,84,84
matrix_multiplication_aws,2017-08-05T11:16:41Z,87,87
matrix_multiplication_aws,2017-08-05T11:16:42Z,92,92
matrix_multiplication_aws,2017-08-05T11:16:43Z,84,84
matrix_multiplication_aws,2017-08-05T11:16:44Z,81,81
matrix_multiplication_aws,2017-08-05T11:16:45Z,82,82
matrix_multiplication_aws,2017-08-05T11:16:46Z,80,80
matrix_multiplication_aws,2017-08-05T11:16:47Z,90,90
matrix_multiplication_aws,2017-08-05T11:16:48Z,89,89
matrix_multiplication_aws,2017-08-05T11:16:49Z,84,84
matrix_multiplication_aws,2017-08-05T11:16:50Z,91,91
matrix_multiplication_aws,2017-08-05T11:16:51Z,93,93
matrix_multiplication_aws,2017-08-05T11:16:52Z,92,92
matrix_multiplication_aws,2017-08-05T11:16:53Z,91,91
matrix_multiplication_aws,2017-08-05T11:16:54Z,92,92
matrix_multiplication_aws,2017-08-05T11:16:55Z,92,92
matrix_multiplication_aws,2017-08-05T11:16:56Z,80,80
matrix_multiplication_aws,2017-08-05T11:16:57Z,87,87
matrix_multiplication_aws,2017-08-05T11:16:58Z,89,89
matrix_multiplication_aws,2017-08-05T11:16:59Z,91,91
matrix_multiplication_aws,2017-08-05T11:17:00Z,89,89
matrix_multiplication_aws,2017-08-05T11:17:01Z,93,93
matrix_multiplication_aws,2017-08-05T11:17:02Z,89,89
matrix_multiplication_aws,2017-08-05T11:17:03Z,90,90
matrix_multiplication_aws,2017-08-05T11:17:04Z,93,93
matrix_multiplication_aws,2017-08-05T11:17:05Z,89,89
matrix_multiplication_aws,2017-08-05T11:17:06Z,83,83
matrix_multiplication_aws,2017-08-05T11:17:07Z,92,92
matrix_multiplication_aws,2017-08-05T11:17:08Z,96,96
matrix_multiplication_aws,2017-08-05T11:17:09Z,93,93
matrix_multiplication_aws,2017-08-05T11:17:10Z,95,95
matrix_multiplication_aws,2017-08-05T11:17:11Z,88,88
matrix_multiplication_aws,2017-08-05T11:17:12Z,97,97
matrix_multiplication_aws,2017-08-05T11:17:13Z,90,90
matrix_multiplication_aws,2017-08-05T11:17:14Z,88,88
matrix_multiplication_aws,2017-08-05T11:17:15Z,95,95
matrix_multiplication_aws,2017-08-05T11:17:16Z,94,94
matrix_multiplication_aws,2017-08-05T11:17:17Z,90,90
matrix_multiplication_aws,2017-08-05T11:17:18Z,94,94
matrix_multiplication_aws,2017-08-05T11:17:19Z,95,95
matrix_multiplication_aws,2017-08-05T11:17:20Z,94,94
matrix_multiplication_aws,2017-08-05T11:17:21Z,97,97
matrix_multiplication_aws,2017-08-05T11:17:22Z,88,88
matrix_multiplication_aws,2017-08-05T11:17:23Z,94,94
matrix_multiplication_aws,2017-08-05T11:17:24Z,101,101
matrix_multiplication_aws,2017-08-05T11:17:25Z,94,94
matrix_multiplication_aws,2017-08-05T11:17:26Z,98,98
matrix_multiplication_aws,2017-08-05T11:17:27Z,96,96
matrix_multiplication_aws,2017-08-05T11:17:28Z,66,66
matrix_multiplication_aws,2017-08-05T11:17:29Z,111,111
matrix_multiplication_aws,2017-08-05T11:17:30Z,95,95
matrix_multiplication_aws,2017-08-05T11:17:31Z,97,97
matrix_multiplication_aws,2017-08-05T11:17:32Z,93,93
matrix_multiplication_aws,2017-08-05T11:17:33Z,97,97
matrix_multiplication_aws,2017-08-05T11:17:34Z,89,89
matrix_multiplication_aws,2017-08-05T11:17:35Z,81,81
matrix_multiplication_aws,2017-08-05T11:17:36Z,95,95
matrix_multiplication_aws,2017-08-05T11:17:37Z,106,106
matrix_multiplication_aws,2017-08-05T11:17:38Z,86,86
matrix_multiplication_aws,2017-08-05T11:17:39Z,90,90
matrix_multiplication_aws,2017-08-05T11:17:40Z,98,98
matrix_multiplication_aws,2017-08-05T11:17:41Z,98,98
matrix_multiplication_aws,2017-08-05T11:17:42Z,93,93
matrix_multiplication_aws,2017-08-05T11:17:43Z,94,94
matrix_multiplication_aws,2017-08-05T11:17:44Z,91,91
matrix_multiplication_aws,2017-08-05T11:17:45Z,100,100
matrix_multiplication_aws,2017-08-05T11:17:46Z,96,96
matrix_multiplication_aws,2017-08-05T11:17:47Z,97,97
matrix_multiplication_aws,2017-08-05T11:17:48Z,92,92
matrix_multiplication_aws,2017-08-05T11:17:49Z,69,69
matrix_multiplication_aws,2017-08-05T11:17:50Z,104,104
matrix_multiplication_aws,2017-08-05T11:17:51Z,97,97
matrix_multiplication_aws,2017-08-05T11:17:52Z,96,96
matrix_multiplication_aws,2017-08-05T11:17:53Z,96,96
matrix_multiplication_aws,2017-08-05T11:17:54Z,93,93
matrix_multiplication_aws,2017-08-05T11:17:55Z,102,102
matrix_multiplication_aws,2017-08-05T11:17:56Z,95,95
matrix_multiplication_aws,2017-08-05T11:17:57Z,94,94
matrix_multiplication_aws,2017-08-05T11:17:58Z,101,101
matrix_multiplication_aws,2017-08-05T11:17:59Z,92,92
matrix_multiplication_aws,2017-08-05T11:18:00Z,90,90
matrix_multiplication_aws,2017-08-05T11:18:01Z,93,93
matrix_multiplication_aws,2017-08-05T11:18:02Z,98,98
matrix_multiplication_aws,2017-08-05T11:18:03Z,98,98
matrix_multiplication_aws,2017-08-05T11:18:04Z,95,95
matrix_multiplication_aws,2017-08-05T11:18:05Z,102,102
matrix_multiplication_aws,2017-08-05T11:18:06Z,102,102
matrix_multiplication_aws,2017-08-05T11:18:07Z,92,92
matrix_multiplication_aws,2017-08-05T11:18:08Z,99,99
matrix_multiplication_aws,2017-08-05T11:18:09Z,98,98
matrix_multiplication_aws,2017-08-05T11:18:10Z,96,96
matrix_multiplication_aws,2017-08-05T11:18:11Z,93,93
matrix_multiplication_aws,2017-08-05T11:18:12Z,105,105
matrix_multiplication_aws,2017-08-05T11:18:13Z,100,100
matrix_multiplication_aws,2017-08-05T11:18:14Z,95,95
matrix_multiplication_aws,2017-08-05T11:18:15Z,100,100
matrix_multiplication_aws,2017-08-05T11:18:16Z,95,95
matrix_multiplication_aws,2017-08-05T11:18:17Z,96,96
matrix_multiplication_aws,2017-08-05T11:18:18Z,103,103
matrix_multiplication_aws,2017-08-05T11:18:19Z,96,96
matrix_multiplication_aws,2017-08-05T11:18:20Z,97,97
matrix_multiplication_aws,2017-08-05T11:18:21Z,94,94
matrix_multiplication_aws,2017-08-05T11:18:22Z,100,100
matrix_multiplication_aws,2017-08-05T11:18:23Z,96,96
matrix_multiplication_aws,2017-08-05T11:18:24Z,101,101
matrix_multiplication_aws,2017-08-05T11:18:25Z,103,103
matrix_multiplication_aws,2017-08-05T11:18:26Z,96,96
matrix_multiplication_aws,2017-08-05T11:18:27Z,94,94
matrix_multiplication_aws,2017-08-05T11:18:28Z,105,105
matrix_multiplication_aws,2017-08-05T11:18:29Z,105,105
matrix_multiplication_aws,2017-08-05T11:18:30Z,101,101
matrix_multiplication_aws,2017-08-05T11:18:31Z,102,102
matrix_multiplication_aws,2017-08-05T11:18:32Z,86,86
matrix_multiplication_aws,2017-08-05T11:18:33Z,115,115
matrix_multiplication_aws,2017-08-05T11:18:34Z,97,97
matrix_multiplication_aws,2017-08-05T11:18:35Z,106,106
matrix_multiplication_aws,2017-08-05T11:18:36Z,100,100
matrix_multiplication_aws,2017-08-05T11:18:37Z,106,106
matrix_multiplication_aws,2017-08-05T11:18:38Z,102,102
matrix_multiplication_aws,2017-08-05T11:18:39Z,107,107
matrix_multiplication_aws,2017-08-05T11:18:40Z,96,96
matrix_multiplication_aws,2017-08-05T11:18:41Z,104,104
matrix_multiplication_aws,2017-08-05T11:18:42Z,88,88
matrix_multiplication_aws,2017-08-05T11:18:43Z,96,96
matrix_multiplication_aws,2017-08-05T11:18:44Z,107,107
matrix_multiplication_aws,2017-08-05T11:18:45Z,102,102
matrix_multiplication_aws,2017-08-05T11:18:46Z,104,104
matrix_multiplication_aws,2017-08-05T11:18:47Z,99,99
matrix_multiplication_aws,2017-08-05T11:18:48Z,95,95
matrix_multiplication_aws,2017-08-05T11:18:49Z,108,108
matrix_multiplication_aws,2017-08-05T11:18:50Z,103,103
matrix_multiplication_aws,2017-08-05T11:18:51Z,104,104
matrix_multiplication_aws,2017-08-05T11:18:52Z,109,109
matrix_multiplication_aws,2017-08-05T11:18:53Z,101,101
matrix_multiplication_aws,2017-08-05T11:18:54Z,111,111
matrix_multiplication_aws,2017-08-05T11:18:55Z,107,107
matrix_multiplication_aws,2017-08-05T11:18:56Z,102,102
matrix_multiplication_aws,2017-08-05T11:18:57Z,111,111
matrix_multiplication_aws,2017-08-05T11:18:58Z,105,105
matrix_multiplication_aws,2017-08-05T11:18:59Z,106,106
matrix_multiplication_aws,2017-08-05T11:19:00Z,105,105
matrix_multiplication_aws,2017-08-05T11:19:01Z,106,106
matrix_multiplication_aws,2017-08-05T11:19:02Z,107,107
matrix_multiplication_aws,2017-08-05T11:19:03Z,106,106
matrix_multiplication_aws,2017-08-05T11:19:04Z,92,92
matrix_multiplication_aws,2017-08-05T11:19:05Z,107,107
matrix_multiplication_aws,2017-08-05T11:19:06Z,106,106
matrix_multiplication_aws,2017-08-05T11:19:07Z,98,98
matrix_multiplication_aws,2017-08-05T11:19:08Z,111,111
matrix_multiplication_aws,2017-08-05T11:19:09Z,107,107
matrix_multiplication_aws,2017-08-05T11:19:10Z,102,102
matrix_multiplication_aws,2017-08-05T11:19:11Z,100,100
matrix_multiplication_aws,2017-08-05T11:19:12Z,114,114
matrix_multiplication_aws,2017-08-05T11:19:13Z,103,103
matrix_multiplication_aws,2017-08-05T11:19:14Z,96,96
matrix_multiplication_aws,2017-08-05T11:19:15Z,110,110
matrix_multiplication_aws,2017-08-05T11:19:16Z,109,109
matrix_multiplication_aws,2017-08-05T11:19:17Z,105,105
matrix_multiplication_aws,2017-08-05T11:19:18Z,105,105
matrix_multiplication_aws,2017-08-05T11:19:19Z,109,109
matrix_multiplication_aws,2017-08-05T11:19:20Z,103,103
matrix_multiplication_aws,2017-08-05T11:19:21Z,107,107
matrix_multiplication_aws,2017-08-05T11:19:22Z,111,111
matrix_multiplication_aws,2017-08-05T11:19:23Z,107,107
matrix_multiplication_aws,2017-08-05T11:19:24Z,109,109
matrix_multiplication_aws,2017-08-05T11:19:25Z,104,104
matrix_multiplication_aws,2017-08-05T11:19:26Z,99,99
matrix_multiplication_aws,2017-08-05T11:19:27Z,110,110
matrix_multiplication_aws,2017-08-05T11:19:28Z,110,110
matrix_multiplication_aws,2017-08-05T11:19:29Z,110,110
matrix_multiplication_aws,2017-08-05T11:19:30Z,102,102
matrix_multiplication_aws,2017-08-05T11:19:31Z,110,110
matrix_multiplication_aws,2017-08-05T11:19:32Z,108,108
matrix_multiplication_aws,2017-08-05T11:19:33Z,84,84
matrix_multiplication_aws,2017-08-05T11:19:34Z,129,129
matrix_multiplication_aws,2017-08-05T11:19:35Z,108,108
matrix_multiplication_aws,2017-08-05T11:19:36Z,101,101
matrix_multiplication_aws,2017-08-05T11:19:37Z,113,113
matrix_multiplication_aws,2017-08-05T11:19:38Z,105,105
matrix_multiplication_aws,2017-08-05T11:19:39Z,111,111
matrix_multiplication_aws,2017-08-05T11:19:40Z,110,110
matrix_multiplication_aws,2017-08-05T11:19:41Z,111,111
matrix_multiplication_aws,2017-08-05T11:19:42Z,107,107
matrix_multiplication_aws,2017-08-05T11:19:43Z,98,98
matrix_multiplication_aws,2017-08-05T11:19:44Z,68,68
matrix_multiplication_aws,2017-08-05T11:19:45Z,56,56
matrix_multiplication_aws,2017-08-05T11:19:46Z,65,65
matrix_multiplication_aws,2017-08-05T11:19:47Z,193,193
matrix_multiplication_aws,2017-08-05T11:19:48Z,114,114
matrix_multiplication_aws,2017-08-05T11:19:49Z,114,114
matrix_multiplication_aws,2017-08-05T11:19:50Z,109,109
matrix_multiplication_aws,2017-08-05T11:19:51Z,107,107
matrix_multiplication_aws,2017-08-05T11:19:52Z,113,113
matrix_multiplication_aws,2017-08-05T11:19:53Z,106,106
matrix_multiplication_aws,2017-08-05T11:19:54Z,108,108
matrix_multiplication_aws,2017-08-05T11:19:55Z,99,99
matrix_multiplication_aws,2017-08-05T11:19:56Z,93,93
matrix_multiplication_aws,2017-08-05T11:19:57Z,72,72
matrix_multiplication_aws,2017-08-05T11:19:58Z,131,131
matrix_multiplication_aws,2017-08-05T11:19:59Z,111,111
matrix_multiplication_aws,2017-08-05T11:20:00Z,106,106
matrix_multiplication_aws,2017-08-05T11:20:01Z,102,102
matrix_multiplication_aws,2017-08-05T11:20:02Z,116,116
matrix_multiplication_aws,2017-08-05T11:20:03Z,115,115
matrix_multiplication_aws,2017-08-05T11:20:04Z,110,110
matrix_multiplication_aws,2017-08-05T11:20:05Z,113,113
matrix_multiplication_aws,2017-08-05T11:20:06Z,114,114
matrix_multiplication_aws,2017-08-05T11:20:07Z,114,114
matrix_multiplication_aws,2017-08-05T11:20:08Z,109,109
matrix_multiplication_aws,2017-08-05T11:20:09Z,113,113
matrix_multiplication_aws,2017-08-05T11:20:10Z,112,112
matrix_multiplication_aws,2017-08-05T11:20:11Z,112,112
matrix_multiplication_aws,2017-08-05T11:20:12Z,117,117
matrix_multiplication_aws,2017-08-05T11:20:13Z,115,115
matrix_multiplication_aws,2017-08-05T11:20:14Z,114,114
matrix_multiplication_aws,2017-08-05T11:20:15Z,112,112
matrix_multiplication_aws,2017-08-05T11:20:16Z,106,106
matrix_multiplication_aws,2017-08-05T11:20:17Z,118,118
matrix_multiplication_aws,2017-08-05T11:20:18Z,108,108
matrix_multiplication_aws,2017-08-05T11:20:19Z,120,120
matrix_multiplication_aws,2017-08-05T11:20:20Z,114,114
matrix_multiplication_aws,2017-08-05T11:20:21Z,115,115
matrix_multiplication_aws,2017-08-05T11:20:22Z,113,113
matrix_multiplication_aws,2017-08-05T11:20:23Z,115,115
matrix_multiplication_aws,2017-08-05T11:20:24Z,111,111
matrix_multiplication_aws,2017-08-05T11:20:25Z,115,115
matrix_multiplication_aws,2017-08-05T11:20:26Z,78,78
matrix_multiplication_aws,2017-08-05T11:20:27Z,150,150
matrix_multiplication_aws,2017-08-05T11:20:28Z,120,120
matrix_multiplication_aws,2017-08-05T11:20:29Z,115,115
matrix_multiplication_aws,2017-08-05T11:20:30Z,117,117
matrix_multiplication_aws,2017-08-05T11:20:31Z,119,119
matrix_multiplication_aws,2017-08-05T11:20:32Z,122,122
matrix_multiplication_aws,2017-08-05T11:20:33Z,116,116
matrix_multiplication_aws,2017-08-05T11:20:34Z,118,118
matrix_multiplication_aws,2017-08-05T11:20:35Z,119,119
matrix_multiplication_aws,2017-08-05T11:20:36Z,114,114
matrix_multiplication_aws,2017-08-05T11:20:37Z,36,36
matrix_multiplication_aws,2017-08-05T11:20:38Z,133,133
matrix_multiplication_aws,2017-08-05T11:20:39Z,128,128
matrix_multiplication_aws,2017-08-05T11:20:40Z,119,119
matrix_multiplication_aws,2017-08-05T11:20:41Z,114,114
matrix_multiplication_aws,2017-08-05T11:20:42Z,114,114
matrix_multiplication_aws,2017-08-05T11:20:43Z,123,123
matrix_multiplication_aws,2017-08-05T11:20:44Z,117,117
matrix_multiplication_aws,2017-08-05T11:20:45Z,96,96
matrix_multiplication_aws,2017-08-05T11:20:46Z,121,121
matrix_multiplication_aws,2017-08-05T11:20:47Z,136,136
matrix_multiplication_aws,2017-08-05T11:20:48Z,113,113
matrix_multiplication_aws,2017-08-05T11:20:49Z,112,112
matrix_multiplication_aws,2017-08-05T11:20:50Z,117,117
matrix_multiplication_aws,2017-08-05T11:20:51Z,111,111
matrix_multiplication_aws,2017-08-05T11:20:52Z,120,120
matrix_multiplication_aws,2017-08-05T11:20:53Z,124,124
matrix_multiplication_aws,2017-08-05T11:20:54Z,114,114
matrix_multiplication_aws,2017-08-05T11:20:55Z,116,116
matrix_multiplication_aws,2017-08-05T11:20:56Z,116,116
matrix_multiplication_aws,2017-08-05T11:20:57Z,123,123
matrix_multiplication_aws,2017-08-05T11:20:58Z,118,118
matrix_multiplication_aws,2017-08-05T11:20:59Z,120,120
matrix_multiplication_aws,2017-08-05T11:21:00Z,110,110
matrix_multiplication_aws,2017-08-05T11:21:01Z,115,115
matrix_multiplication_aws,2017-08-05T11:21:02Z,125,125
matrix_multiplication_aws,2017-08-05T11:21:03Z,122,122
matrix_multiplication_aws,2017-08-05T11:21:04Z,115,115
matrix_multiplication_aws,2017-08-05T11:21:05Z,121,121
matrix_multiplication_aws,2017-08-05T11:21:06Z,125,125
matrix_multiplication_aws,2017-08-05T11:21:07Z,121,121
matrix_multiplication_aws,2017-08-05T11:21:08Z,122,122
matrix_multiplication_aws,2017-08-05T11:21:09Z,114,114
matrix_multiplication_aws,2017-08-05T11:21:10Z,112,112
matrix_multiplication_aws,2017-08-05T11:21:11Z,114,114
matrix_multiplication_aws,2017-08-05T11:21:12Z,128,128
matrix_multiplication_aws,2017-08-05T11:21:13Z,123,123
matrix_multiplication_aws,2017-08-05T11:21:14Z,117,117
matrix_multiplication_aws,2017-08-05T11:21:15Z,93,93
matrix_multiplication_aws,2017-08-05T11:21:16Z,131,131
matrix_multiplication_aws,2017-08-05T11:21:17Z,120,120
matrix_multiplication_aws,2017-08-05T11:21:18Z,123,123
matrix_multiplication_aws,2017-08-05T11:21:19Z,130,130
matrix_multiplication_aws,2017-08-05T11:21:20Z,116,116
matrix_multiplication_aws,2017-08-05T11:21:21Z,114,114
matrix_multiplication_aws,2017-08-05T11:21:22Z,117,117
matrix_multiplication_aws,2017-08-05T11:21:23Z,122,122
matrix_multiplication_aws,2017-08-05T11:21:24Z,124,124
matrix_multiplication_aws,2017-08-05T11:21:25Z,124,124
matrix_multiplication_aws,2017-08-05T11:21:26Z,124,124
matrix_multiplication_aws,2017-08-05T11:21:27Z,119,119
matrix_multiplication_aws,2017-08-05T11:21:28Z,131,131
matrix_multiplication_aws,2017-08-05T11:21:29Z,122,122
matrix_multiplication_aws,2017-08-05T11:21:30Z,129,129
matrix_multiplication_aws,2017-08-05T11:21:31Z,117,117
matrix_multiplication_aws,2017-08-05T11:21:32Z,120,120
matrix_multiplication_aws,2017-08-05T11:21:33Z,130,130
matrix_multiplication_aws,2017-08-05T11:21:34Z,120,120
matrix_multiplication_aws,2017-08-05T11:21:35Z,127,127
matrix_multiplication_aws,2017-08-05T11:21:36Z,114,114
matrix_multiplication_aws,2017-08-05T11:21:37Z,123,123
matrix_multiplication_aws,2017-08-05T11:21:38Z,127,127
matrix_multiplication_aws,2017-08-05T11:21:39Z,118,118
matrix_multiplication_aws,2017-08-05T11:21:40Z,115,115
matrix_multiplication_aws,2017-08-05T11:21:41Z,130,130
matrix_multiplication_aws,2017-08-05T11:21:42Z,120,120
matrix_multiplication_aws,2017-08-05T11:21:43Z,119,119
matrix_multiplication_aws,2017-08-05T11:21:44Z,115,115
matrix_multiplication_aws,2017-08-05T11:21:45Z,128,128
matrix_multiplication_aws,2017-08-05T11:21:46Z,114,114
matrix_multiplication_aws,2017-08-05T11:21:47Z,129,129
matrix_multiplication_aws,2017-08-05T11:21:48Z,129,129
matrix_multiplication_aws,2017-08-05T11:21:49Z,118,118
matrix_multiplication_aws,2017-08-05T11:21:50Z,135,135
matrix_multiplication_aws,2017-08-05T11:21:51Z,124,124
matrix_multiplication_aws,2017-08-05T11:21:52Z,74,74
