name,time,p50,p75,p95,p99
matrix_multiplication,2017-07-15T10:03:00Z,0,0,0,0
matrix_multiplication,2017-07-15T10:03:01Z,0,0,0,0
matrix_multiplication,2017-07-15T10:03:02Z,0,0,0,0
matrix_multiplication,2017-07-15T10:03:03Z,0,0,0,0
matrix_multiplication,2017-07-15T10:03:04Z,0,0,0,0
matrix_multiplication,2017-07-15T10:03:05Z,0,0,0,0
matrix_multiplication,2017-07-15T10:03:06Z,0,0,0,0
matrix_multiplication,2017-07-15T10:03:07Z,0,0,0,0
matrix_multiplication,2017-07-15T10:03:08Z,0,0,0,0
matrix_multiplication,2017-07-15T10:03:09Z,0,0,0,0
matrix_multiplication,2017-07-15T10:03:10Z,0,0,0,0
matrix_multiplication,2017-07-15T10:03:11Z,0,0,0,0
matrix_multiplication,2017-07-15T10:03:12Z,0,0,0,0
matrix_multiplication,2017-07-15T10:03:13Z,0,0,0,0
matrix_multiplication,2017-07-15T10:03:14Z,0,0,0,0
matrix_multiplication,2017-07-15T10:03:15Z,0,0,0,0
matrix_multiplication,2017-07-15T10:03:16Z,0,0,0,0
matrix_multiplication,2017-07-15T10:03:17Z,0,0,0,0
matrix_multiplication,2017-07-15T10:03:18Z,0,0,0,0
matrix_multiplication,2017-07-15T10:03:19Z,0,0,0,0
matrix_multiplication,2017-07-15T10:03:20Z,0,0,0,0
matrix_multiplication,2017-07-15T10:03:21Z,0,0,0,0
matrix_multiplication,2017-07-15T10:03:22Z,0,0,0,0
matrix_multiplication,2017-07-15T10:03:23Z,156,156,156,156
matrix_multiplication,2017-07-15T10:03:24Z,78,78,94,94
matrix_multiplication,2017-07-15T10:03:25Z,78,79,94,94
matrix_multiplication,2017-07-15T10:03:26Z,94,125,219,219
matrix_multiplication,2017-07-15T10:03:27Z,78,94,125,125
matrix_multiplication,2017-07-15T10:03:28Z,63,63,93,94
matrix_multiplication,2017-07-15T10:03:29Z,62,63,78,110
matrix_multiplication,2017-07-15T10:03:30Z,47,62,63,63
matrix_multiplication,2017-07-15T10:03:31Z,62,63,78,78
matrix_multiplication,2017-07-15T10:03:32Z,62,63,63,63
matrix_multiplication,2017-07-15T10:03:33Z,62,62,63,63
matrix_multiplication,2017-07-15T10:03:34Z,47,62,63,79
matrix_multiplication,2017-07-15T10:03:35Z,63,63,63,78
matrix_multiplication,2017-07-15T10:03:36Z,47,62,63,63
matrix_multiplication,2017-07-15T10:03:37Z,62,63,63,63
matrix_multiplication,2017-07-15T10:03:38Z,62,63,63,67
matrix_multiplication,2017-07-15T10:03:39Z,62,62,63,78
matrix_multiplication,2017-07-15T10:03:40Z,62,63,63,63
matrix_multiplication,2017-07-15T10:03:41Z,47,63,63,63
matrix_multiplication,2017-07-15T10:03:42Z,62,63,63,78
matrix_multiplication,2017-07-15T10:03:43Z,47,62,63,63
matrix_multiplication,2017-07-15T10:03:44Z,63,78,93,93
matrix_multiplication,2017-07-15T10:03:45Z,62,62,63,78
matrix_multiplication,2017-07-15T10:03:46Z,63,78,78,78
matrix_multiplication,2017-07-15T10:03:47Z,63,63,73,109
matrix_multiplication,2017-07-15T10:03:48Z,62,63,65,79
matrix_multiplication,2017-07-15T10:03:49Z,47,62,63,63
matrix_multiplication,2017-07-15T10:03:50Z,62,63,63,78
matrix_multiplication,2017-07-15T10:03:51Z,62,62,63,94
matrix_multiplication,2017-07-15T10:03:52Z,63,66,78,78
matrix_multiplication,2017-07-15T10:03:53Z,63,67,78,81
matrix_multiplication,2017-07-15T10:03:54Z,58,63,67,78
matrix_multiplication,2017-07-15T10:03:55Z,62,63,63,78
matrix_multiplication,2017-07-15T10:03:56Z,62,63,78,78
matrix_multiplication,2017-07-15T10:03:57Z,62,63,63,78
matrix_multiplication,2017-07-15T10:03:58Z,62,62,63,79
matrix_multiplication,2017-07-15T10:03:59Z,62,63,78,94
matrix_multiplication,2017-07-15T10:04:00Z,62,63,63,63
matrix_multiplication,2017-07-15T10:04:01Z,62,62,63,63
matrix_multiplication,2017-07-15T10:04:02Z,63,77,78,79
matrix_multiplication,2017-07-15T10:04:03Z,62,63,63,63
matrix_multiplication,2017-07-15T10:04:04Z,78,109,125,125
matrix_multiplication,2017-07-15T10:04:05Z,78,94,94,109
matrix_multiplication,2017-07-15T10:04:06Z,187,266,469,469
matrix_multiplication,2017-07-15T10:04:07Z,63,78,94,110
matrix_multiplication,2017-07-15T10:04:08Z,63,78,78,79
matrix_multiplication,2017-07-15T10:04:09Z,63,63,78,94
matrix_multiplication,2017-07-15T10:04:10Z,94,94,187,187
matrix_multiplication,2017-07-15T10:04:11Z,62,63,78,94
matrix_multiplication,2017-07-15T10:04:12Z,62,63,78,78
matrix_multiplication,2017-07-15T10:04:13Z,47,62,63,63
matrix_multiplication,2017-07-15T10:04:14Z,62,63,79,609
matrix_multiplication,2017-07-15T10:04:15Z,63,79,437,437
matrix_multiplication,2017-07-15T10:04:16Z,62,63,78,110
matrix_multiplication,2017-07-15T10:04:17Z,63,63,78,109
matrix_multiplication,2017-07-15T10:04:18Z,62,63,94,187
matrix_multiplication,2017-07-15T10:04:19Z,62,63,79,94
matrix_multiplication,2017-07-15T10:04:20Z,62,78,110,156
matrix_multiplication,2017-07-15T10:04:21Z,63,63,78,78
matrix_multiplication,2017-07-15T10:04:22Z,62,63,63,78
matrix_multiplication,2017-07-15T10:04:23Z,47,47,63,73
matrix_multiplication,2017-07-15T10:04:24Z,62,63,78,109
matrix_multiplication,2017-07-15T10:04:25Z,62,63,63,63
matrix_multiplication,2017-07-15T10:04:26Z,62,63,63,63
matrix_multiplication,2017-07-15T10:04:27Z,62,63,63,78
matrix_multiplication,2017-07-15T10:04:28Z,62,63,78,78
matrix_multiplication,2017-07-15T10:04:29Z,62,63,63,78
matrix_multiplication,2017-07-15T10:04:30Z,47,63,63,63
matrix_multiplication,2017-07-15T10:04:31Z,62,62,95,125
matrix_multiplication,2017-07-15T10:04:32Z,47,62,63,78
matrix_multiplication,2017-07-15T10:04:33Z,62,63,78,78
matrix_multiplication,2017-07-15T10:04:34Z,62,63,63,63
matrix_multiplication,2017-07-15T10:04:35Z,62,63,78,79
matrix_multiplication,2017-07-15T10:04:36Z,47,63,63,63
matrix_multiplication,2017-07-15T10:04:37Z,47,62,63,63
matrix_multiplication,2017-07-15T10:04:38Z,47,63,94,94
matrix_multiplication,2017-07-15T10:04:39Z,62,62,63,63
matrix_multiplication,2017-07-15T10:04:40Z,62,62,63,63
matrix_multiplication,2017-07-15T10:04:41Z,62,63,78,78
matrix_multiplication,2017-07-15T10:04:42Z,62,63,78,78
matrix_multiplication,2017-07-15T10:04:43Z,62,63,63,63
matrix_multiplication,2017-07-15T10:04:44Z,62,63,63,63
matrix_multiplication,2017-07-15T10:04:45Z,47,62,63,78
matrix_multiplication,2017-07-15T10:04:46Z,62,63,94,110
matrix_multiplication,2017-07-15T10:04:47Z,62,62,79,79
matrix_multiplication,2017-07-15T10:04:48Z,47,62,63,140
matrix_multiplication,2017-07-15T10:04:49Z,47,63,63,78
matrix_multiplication,2017-07-15T10:04:50Z,62,62,63,78
matrix_multiplication,2017-07-15T10:04:51Z,62,62,63,63
matrix_multiplication,2017-07-15T10:04:52Z,62,62,63,63
matrix_multiplication,2017-07-15T10:04:53Z,62,63,78,109
matrix_multiplication,2017-07-15T10:04:54Z,47,63,78,141
matrix_multiplication,2017-07-15T10:04:55Z,47,62,63,78
matrix_multiplication,2017-07-15T10:04:56Z,47,63,109,125
matrix_multiplication,2017-07-15T10:04:57Z,62,62,78,78
matrix_multiplication,2017-07-15T10:04:58Z,62,63,63,94
matrix_multiplication,2017-07-15T10:04:59Z,63,63,78,328
matrix_multiplication,2017-07-15T10:05:00Z,62,63,83,453
matrix_multiplication,2017-07-15T10:05:01Z,62,63,109,140
matrix_multiplication,2017-07-15T10:05:02Z,62,63,78,79
matrix_multiplication,2017-07-15T10:05:03Z,62,63,79,79
matrix_multiplication,2017-07-15T10:05:04Z,62,78,98,98
matrix_multiplication,2017-07-15T10:05:05Z,47,63,110,125
matrix_multiplication,2017-07-15T10:05:06Z,63,63,266,500
matrix_multiplication,2017-07-15T10:05:07Z,62,63,65,78
matrix_multiplication,2017-07-15T10:05:08Z,62,78,110,235
matrix_multiplication,2017-07-15T10:05:09Z,63,63,78,234
matrix_multiplication,2017-07-15T10:05:10Z,63,63,63,329
matrix_multiplication,2017-07-15T10:05:11Z,62,63,94,204
matrix_multiplication,2017-07-15T10:05:12Z,62,67,141,563
matrix_multiplication,2017-07-15T10:05:13Z,63,74,185,359
matrix_multiplication,2017-07-15T10:05:14Z,62,66,109,218
matrix_multiplication,2017-07-15T10:05:15Z,50,62,187,265
matrix_multiplication,2017-07-15T10:05:16Z,62,63,78,265
matrix_multiplication,2017-07-15T10:05:17Z,62,63,79,93
matrix_multiplication,2017-07-15T10:05:18Z,58,63,250,453
matrix_multiplication,2017-07-15T10:05:19Z,49,63,78,78
matrix_multiplication,2017-07-15T10:05:20Z,50,63,78,250
matrix_multiplication,2017-07-15T10:05:21Z,62,63,78,188
matrix_multiplication,2017-07-15T10:05:22Z,62,64,266,484
matrix_multiplication,2017-07-15T10:05:23Z,62,63,313,557
matrix_multiplication,2017-07-15T10:05:24Z,62,78,94,297
matrix_multiplication,2017-07-15T10:05:25Z,62,64,218,281
matrix_multiplication,2017-07-15T10:05:26Z,68,156,203,281
matrix_multiplication,2017-07-15T10:05:27Z,59,63,219,328
matrix_multiplication,2017-07-15T10:05:28Z,49,62,328,328
matrix_multiplication,2017-07-15T10:05:29Z,56,63,172,250
matrix_multiplication,2017-07-15T10:05:30Z,62,63,438,529
matrix_multiplication,2017-07-15T10:05:31Z,62,65,377,562
matrix_multiplication,2017-07-15T10:05:32Z,63,66,79,264
matrix_multiplication,2017-07-15T10:05:33Z,49,63,500,564
matrix_multiplication,2017-07-15T10:05:34Z,62,63,562,593
matrix_multiplication,2017-07-15T10:05:35Z,62,63,110,543
matrix_multiplication,2017-07-15T10:05:36Z,62,63,313,313
matrix_multiplication,2017-07-15T10:05:37Z,62,63,94,563
matrix_multiplication,2017-07-15T10:05:38Z,62,63,156,346
matrix_multiplication,2017-07-15T10:05:39Z,61,62,67,79
matrix_multiplication,2017-07-15T10:05:40Z,59,63,80,114
matrix_multiplication,2017-07-15T10:05:41Z,62,63,78,78
matrix_multiplication,2017-07-15T10:05:42Z,59,63,78,93
matrix_multiplication,2017-07-15T10:05:43Z,62,63,99,298
matrix_multiplication,2017-07-15T10:05:44Z,62,66,139,171
matrix_multiplication,2017-07-15T10:05:45Z,49,63,97,169
matrix_multiplication,2017-07-15T10:05:46Z,62,63,81,143
matrix_multiplication,2017-07-15T10:05:47Z,62,65,140,313
matrix_multiplication,2017-07-15T10:05:48Z,62,63,68,78
matrix_multiplication,2017-07-15T10:05:49Z,62,63,78,97
matrix_multiplication,2017-07-15T10:05:50Z,62,63,68,79
matrix_multiplication,2017-07-15T10:05:51Z,62,63,67,125
matrix_multiplication,2017-07-15T10:05:52Z,47,62,67,157
matrix_multiplication,2017-07-15T10:05:53Z,60,63,66,97
matrix_multiplication,2017-07-15T10:05:54Z,59,64,203,563
matrix_multiplication,2017-07-15T10:05:55Z,59,63,68,422
matrix_multiplication,2017-07-15T10:05:56Z,59,63,78,158
matrix_multiplication,2017-07-15T10:05:57Z,52,63,80,138
matrix_multiplication,2017-07-15T10:05:58Z,61,63,80,98
matrix_multiplication,2017-07-15T10:05:59Z,62,78,91,145
matrix_multiplication,2017-07-15T10:06:00Z,63,73,94,203
matrix_multiplication,2017-07-15T10:06:01Z,62,63,141,281
matrix_multiplication,2017-07-15T10:06:02Z,62,63,90,261
matrix_multiplication,2017-07-15T10:06:03Z,62,63,93,108
matrix_multiplication,2017-07-15T10:06:04Z,49,79,110,125
matrix_multiplication,2017-07-15T10:06:05Z,61,63,153,313
matrix_multiplication,2017-07-15T10:06:06Z,60,62,172,484
matrix_multiplication,2017-07-15T10:06:07Z,63,78,93,266
matrix_multiplication,2017-07-15T10:06:08Z,63,78,109,158
matrix_multiplication,2017-07-15T10:06:09Z,62,63,78,356
matrix_multiplication,2017-07-15T10:06:10Z,63,64,137,173
matrix_multiplication,2017-07-15T10:06:11Z,62,79,94,237
matrix_multiplication,2017-07-15T10:06:12Z,62,63,94,128
matrix_multiplication,2017-07-15T10:06:13Z,62,63,90,141
matrix_multiplication,2017-07-15T10:06:14Z,61,63,155,385
matrix_multiplication,2017-07-15T10:06:15Z,62,63,157,236
matrix_multiplication,2017-07-15T10:06:16Z,62,78,119,125
matrix_multiplication,2017-07-15T10:06:17Z,62,63,78,92
matrix_multiplication,2017-07-15T10:06:18Z,61,63,66,79
matrix_multiplication,2017-07-15T10:06:19Z,62,63,80,235
matrix_multiplication,2017-07-15T10:06:20Z,62,63,78,121
matrix_multiplication,2017-07-15T10:06:21Z,62,63,93,157
matrix_multiplication,2017-07-15T10:06:22Z,62,78,96,139
matrix_multiplication,2017-07-15T10:06:23Z,61,64,109,169
matrix_multiplication,2017-07-15T10:06:24Z,62,63,80,109
matrix_multiplication,2017-07-15T10:06:25Z,62,63,74,78
matrix_multiplication,2017-07-15T10:06:26Z,61,63,78,108
matrix_multiplication,2017-07-15T10:06:27Z,60,63,86,109
matrix_multiplication,2017-07-15T10:06:28Z,60,63,79,80
matrix_multiplication,2017-07-15T10:06:29Z,62,63,77,79
matrix_multiplication,2017-07-15T10:06:30Z,50,62,78,109
matrix_multiplication,2017-07-15T10:06:31Z,62,78,81,94
matrix_multiplication,2017-07-15T10:06:32Z,62,63,79,143
matrix_multiplication,2017-07-15T10:06:33Z,49,63,78,174
matrix_multiplication,2017-07-15T10:06:34Z,60,63,109,168
matrix_multiplication,2017-07-15T10:06:35Z,62,63,123,139
matrix_multiplication,2017-07-15T10:06:36Z,62,63,109,528
matrix_multiplication,2017-07-15T10:06:37Z,62,63,104,344
matrix_multiplication,2017-07-15T10:06:38Z,61,63,78,79
matrix_multiplication,2017-07-15T10:06:39Z,60,62,124,435
matrix_multiplication,2017-07-15T10:06:40Z,62,63,78,94
matrix_multiplication,2017-07-15T10:06:41Z,61,62,68,79
matrix_multiplication,2017-07-15T10:06:42Z,49,62,78,91
matrix_multiplication,2017-07-15T10:06:43Z,62,63,80,156
matrix_multiplication,2017-07-15T10:06:44Z,62,65,92,139
matrix_multiplication,2017-07-15T10:06:45Z,62,63,93,127
matrix_multiplication,2017-07-15T10:06:46Z,62,63,81,98
matrix_multiplication,2017-07-15T10:06:47Z,62,63,80,125
matrix_multiplication,2017-07-15T10:06:48Z,62,63,68,110
matrix_multiplication,2017-07-15T10:06:49Z,60,63,63,78
matrix_multiplication,2017-07-15T10:06:50Z,62,63,68,78
matrix_multiplication,2017-07-15T10:06:51Z,62,63,98,234
matrix_multiplication,2017-07-15T10:06:52Z,47,62,67,137
matrix_multiplication,2017-07-15T10:06:53Z,62,64,94,110
matrix_multiplication,2017-07-15T10:06:54Z,62,63,93,218
matrix_multiplication,2017-07-15T10:06:55Z,62,63,78,97
matrix_multiplication,2017-07-15T10:06:56Z,62,63,78,82
matrix_multiplication,2017-07-15T10:06:57Z,59,63,66,99
matrix_multiplication,2017-07-15T10:06:58Z,62,63,78,108
matrix_multiplication,2017-07-15T10:06:59Z,62,64,94,107
matrix_multiplication,2017-07-15T10:07:00Z,62,63,98,125
matrix_multiplication,2017-07-15T10:07:01Z,62,63,79,97
matrix_multiplication,2017-07-15T10:07:02Z,62,63,78,126
matrix_multiplication,2017-07-15T10:07:03Z,62,63,68,80
matrix_multiplication,2017-07-15T10:07:04Z,49,63,67,78
matrix_multiplication,2017-07-15T10:07:05Z,61,63,90,129
matrix_multiplication,2017-07-15T10:07:06Z,61,63,67,984
matrix_multiplication,2017-07-15T10:07:07Z,62,63,91,109
matrix_multiplication,2017-07-15T10:07:08Z,62,63,109,125
matrix_multiplication,2017-07-15T10:07:09Z,62,66,109,394
matrix_multiplication,2017-07-15T10:07:10Z,60,63,66,139
matrix_multiplication,2017-07-15T10:07:11Z,60,63,91,307
matrix_multiplication,2017-07-15T10:07:12Z,49,62,78,125
matrix_multiplication,2017-07-15T10:07:13Z,62,63,93,201
matrix_multiplication,2017-07-15T10:07:14Z,59,62,63,68
matrix_multiplication,2017-07-15T10:07:15Z,62,63,97,125
matrix_multiplication,2017-07-15T10:07:16Z,62,63,79,98
matrix_multiplication,2017-07-15T10:07:17Z,62,63,78,89
matrix_multiplication,2017-07-15T10:07:18Z,62,63,79,312
matrix_multiplication,2017-07-15T10:07:19Z,62,63,121,172
matrix_multiplication,2017-07-15T10:07:20Z,62,63,94,125
matrix_multiplication,2017-07-15T10:07:21Z,62,63,114,438
matrix_multiplication,2017-07-15T10:07:22Z,62,63,98,157
matrix_multiplication,2017-07-15T10:07:23Z,62,63,93,125
matrix_multiplication,2017-07-15T10:07:24Z,62,63,94,96
matrix_multiplication,2017-07-15T10:07:25Z,62,63,110,189
matrix_multiplication,2017-07-15T10:07:26Z,62,63,79,90
matrix_multiplication,2017-07-15T10:07:27Z,62,63,93,142
matrix_multiplication,2017-07-15T10:07:28Z,49,63,108,187
matrix_multiplication,2017-07-15T10:07:29Z,62,63,83,110
matrix_multiplication,2017-07-15T10:07:30Z,62,63,94,141
matrix_multiplication,2017-07-15T10:07:31Z,62,63,78,94
matrix_multiplication,2017-07-15T10:07:32Z,62,63,89,96
matrix_multiplication,2017-07-15T10:07:33Z,62,63,79,92
matrix_multiplication,2017-07-15T10:07:34Z,62,63,65,67
matrix_multiplication,2017-07-15T10:07:35Z,62,63,78,120
matrix_multiplication,2017-07-15T10:07:36Z,57,62,63,127
matrix_multiplication,2017-07-15T10:07:37Z,62,63,78,141
matrix_multiplication,2017-07-15T10:07:38Z,62,63,94,100
matrix_multiplication,2017-07-15T10:07:39Z,62,63,79,130
matrix_multiplication,2017-07-15T10:07:40Z,62,63,92,109
matrix_multiplication,2017-07-15T10:07:41Z,62,63,68,297
matrix_multiplication,2017-07-15T10:07:42Z,62,64,105,138
matrix_multiplication,2017-07-15T10:07:43Z,62,63,79,127
matrix_multiplication,2017-07-15T10:07:44Z,62,66,79,109
matrix_multiplication,2017-07-15T10:07:45Z,62,63,68,81
matrix_multiplication,2017-07-15T10:07:46Z,62,63,79,110
matrix_multiplication,2017-07-15T10:07:47Z,62,65,110,141
matrix_multiplication,2017-07-15T10:07:48Z,62,63,99,141
matrix_multiplication,2017-07-15T10:07:49Z,61,62,78,109
matrix_multiplication,2017-07-15T10:07:50Z,62,63,78,95
matrix_multiplication,2017-07-15T10:07:51Z,60,63,79,108
matrix_multiplication,2017-07-15T10:07:52Z,60,62,68,98
matrix_multiplication,2017-07-15T10:07:53Z,60,62,80,81
matrix_multiplication,2017-07-15T10:07:54Z,62,63,94,122
matrix_multiplication,2017-07-15T10:07:55Z,60,63,79,716
matrix_multiplication,2017-07-15T10:07:56Z,62,68,83,156
matrix_multiplication,2017-07-15T10:07:57Z,62,63,79,128
matrix_multiplication,2017-07-15T10:07:58Z,62,67,100,155
matrix_multiplication,2017-07-15T10:07:59Z,62,63,78,171
matrix_multiplication,2017-07-15T10:08:00Z,62,65,90,109
matrix_multiplication,2017-07-15T10:08:01Z,62,63,79,91
matrix_multiplication,2017-07-15T10:08:02Z,62,63,78,110
matrix_multiplication,2017-07-15T10:08:03Z,62,63,79,91
matrix_multiplication,2017-07-15T10:08:04Z,62,63,78,80
matrix_multiplication,2017-07-15T10:08:05Z,62,63,125,200
matrix_multiplication,2017-07-15T10:08:06Z,62,63,78,218
matrix_multiplication,2017-07-15T10:08:07Z,57,63,79,121
matrix_multiplication,2017-07-15T10:08:08Z,62,63,68,126
matrix_multiplication,2017-07-15T10:08:09Z,62,63,68,97
matrix_multiplication,2017-07-15T10:08:10Z,62,63,78,79
matrix_multiplication,2017-07-15T10:08:11Z,62,63,78,594
matrix_multiplication,2017-07-15T10:08:12Z,62,63,80,485
matrix_multiplication,2017-07-15T10:08:13Z,62,64,78,125
matrix_multiplication,2017-07-15T10:08:14Z,62,63,79,98
matrix_multiplication,2017-07-15T10:08:15Z,62,63,79,109
matrix_multiplication,2017-07-15T10:08:16Z,62,66,79,97
matrix_multiplication,2017-07-15T10:08:17Z,62,67,94,440
matrix_multiplication,2017-07-15T10:08:18Z,62,63,78,79
matrix_multiplication,2017-07-15T10:08:19Z,61,63,98,110
matrix_multiplication,2017-07-15T10:08:20Z,62,63,80,109
matrix_multiplication,2017-07-15T10:08:21Z,62,63,79,96
matrix_multiplication,2017-07-15T10:08:22Z,62,63,109,562
matrix_multiplication,2017-07-15T10:08:23Z,62,63,125,764
matrix_multiplication,2017-07-15T10:08:24Z,62,66,157,207
matrix_multiplication,2017-07-15T10:08:25Z,60,63,80,92
matrix_multiplication,2017-07-15T10:08:26Z,59,63,78,109
matrix_multiplication,2017-07-15T10:08:27Z,62,63,79,172
matrix_multiplication,2017-07-15T10:08:28Z,61,63,78,110
matrix_multiplication,2017-07-15T10:08:29Z,60,63,109,157
matrix_multiplication,2017-07-15T10:08:30Z,62,63,109,563
matrix_multiplication,2017-07-15T10:08:31Z,62,78,93,143
matrix_multiplication,2017-07-15T10:08:32Z,62,78,97,187
matrix_multiplication,2017-07-15T10:08:33Z,62,63,78,100
matrix_multiplication,2017-07-15T10:08:34Z,62,63,80,109
matrix_multiplication,2017-07-15T10:08:35Z,62,63,90,187
matrix_multiplication,2017-07-15T10:08:36Z,63,78,138,140
matrix_multiplication,2017-07-15T10:08:37Z,62,73,94,110
matrix_multiplication,2017-07-15T10:08:38Z,62,63,78,78
matrix_multiplication,2017-07-15T10:08:39Z,62,63,90,108
matrix_multiplication,2017-07-15T10:08:40Z,62,63,79,130
matrix_multiplication,2017-07-15T10:08:41Z,50,63,68,110
matrix_multiplication,2017-07-15T10:08:42Z,63,63,110,218
matrix_multiplication,2017-07-15T10:08:43Z,62,63,80,90
matrix_multiplication,2017-07-15T10:08:44Z,62,63,98,110
matrix_multiplication,2017-07-15T10:08:45Z,62,63,109,437
matrix_multiplication,2017-07-15T10:08:46Z,63,73,152,281
matrix_multiplication,2017-07-15T10:08:47Z,62,63,80,109
matrix_multiplication,2017-07-15T10:08:48Z,62,63,140,278
matrix_multiplication,2017-07-15T10:08:49Z,59,62,78,80
matrix_multiplication,2017-07-15T10:08:50Z,49,63,78,297
matrix_multiplication,2017-07-15T10:08:51Z,50,63,78,110
matrix_multiplication,2017-07-15T10:08:52Z,62,63,98,159
matrix_multiplication,2017-07-15T10:08:53Z,50,63,94,110
matrix_multiplication,2017-07-15T10:08:54Z,60,63,96,127
matrix_multiplication,2017-07-15T10:08:55Z,49,63,93,139
matrix_multiplication,2017-07-15T10:08:56Z,62,63,80,110
matrix_multiplication,2017-07-15T10:08:57Z,62,63,79,115
matrix_multiplication,2017-07-15T10:08:58Z,50,63,78,140
matrix_multiplication,2017-07-15T10:08:59Z,62,63,93,159
matrix_multiplication,2017-07-15T10:09:00Z,62,63,109,124
matrix_multiplication,2017-07-15T10:09:01Z,62,63,80,140
matrix_multiplication,2017-07-15T10:09:02Z,62,63,142,328
matrix_multiplication,2017-07-15T10:09:03Z,62,63,109,191
matrix_multiplication,2017-07-15T10:09:04Z,62,63,69,99
matrix_multiplication,2017-07-15T10:09:05Z,62,63,98,563
matrix_multiplication,2017-07-15T10:09:06Z,63,63,127,297
matrix_multiplication,2017-07-15T10:09:07Z,62,64,80,109
matrix_multiplication,2017-07-15T10:09:08Z,63,68,99,125
matrix_multiplication,2017-07-15T10:09:09Z,62,67,92,97
matrix_multiplication,2017-07-15T10:09:10Z,62,64,125,171
matrix_multiplication,2017-07-15T10:09:11Z,63,63,218,250
matrix_multiplication,2017-07-15T10:09:12Z,62,67,99,158
matrix_multiplication,2017-07-15T10:09:13Z,62,67,175,201
matrix_multiplication,2017-07-15T10:09:14Z,62,63,122,157
matrix_multiplication,2017-07-15T10:09:15Z,62,63,140,313
matrix_multiplication,2017-07-15T10:09:16Z,62,63,125,159
matrix_multiplication,2017-07-15T10:09:17Z,62,68,126,159
matrix_multiplication,2017-07-15T10:09:18Z,62,68,95,140
matrix_multiplication,2017-07-15T10:09:19Z,62,64,110,141
matrix_multiplication,2017-07-15T10:09:20Z,62,63,109,203
matrix_multiplication,2017-07-15T10:09:21Z,62,63,157,594
matrix_multiplication,2017-07-15T10:09:22Z,62,63,125,187
matrix_multiplication,2017-07-15T10:09:23Z,62,63,125,265
matrix_multiplication,2017-07-15T10:09:24Z,62,63,115,328
matrix_multiplication,2017-07-15T10:09:25Z,62,63,140,158
matrix_multiplication,2017-07-15T10:09:26Z,59,63,127,253
matrix_multiplication,2017-07-15T10:09:27Z,62,63,172,299
matrix_multiplication,2017-07-15T10:09:28Z,62,63,109,231
matrix_multiplication,2017-07-15T10:09:29Z,62,63,109,138
matrix_multiplication,2017-07-15T10:09:30Z,62,68,136,157
matrix_multiplication,2017-07-15T10:09:31Z,62,63,78,89
matrix_multiplication,2017-07-15T10:09:32Z,62,63,95,110
matrix_multiplication,2017-07-15T10:09:33Z,62,63,78,79
matrix_multiplication,2017-07-15T10:09:34Z,60,63,78,79
matrix_multiplication,2017-07-15T10:09:35Z,62,63,67,78
matrix_multiplication,2017-07-15T10:09:36Z,62,65,79,114
matrix_multiplication,2017-07-15T10:09:37Z,62,77,110,281
matrix_multiplication,2017-07-15T10:09:38Z,59,62,68,78
matrix_multiplication,2017-07-15T10:09:39Z,62,65,110,141
matrix_multiplication,2017-07-15T10:09:40Z,62,63,79,140
matrix_multiplication,2017-07-15T10:09:41Z,62,63,73,78
matrix_multiplication,2017-07-15T10:09:42Z,62,63,67,78
matrix_multiplication,2017-07-15T10:09:43Z,59,63,89,98
matrix_multiplication,2017-07-15T10:09:44Z,62,65,79,151
matrix_multiplication,2017-07-15T10:09:45Z,62,63,109,312
matrix_multiplication,2017-07-15T10:09:46Z,62,63,79,205
matrix_multiplication,2017-07-15T10:09:47Z,63,78,109,125
matrix_multiplication,2017-07-15T10:09:48Z,63,63,158,328
matrix_multiplication,2017-07-15T10:09:49Z,62,63,127,171
matrix_multiplication,2017-07-15T10:09:50Z,62,63,80,141
matrix_multiplication,2017-07-15T10:09:51Z,60,63,109,122
matrix_multiplication,2017-07-15T10:09:52Z,62,63,79,108
matrix_multiplication,2017-07-15T10:09:53Z,62,63,80,91
matrix_multiplication,2017-07-15T10:09:54Z,62,64,95,141
matrix_multiplication,2017-07-15T10:09:55Z,61,63,77,79
matrix_multiplication,2017-07-15T10:09:56Z,62,63,78,79
matrix_multiplication,2017-07-15T10:09:57Z,62,63,77,110
matrix_multiplication,2017-07-15T10:09:58Z,62,64,96,766
matrix_multiplication,2017-07-15T10:09:59Z,60,63,108,188
matrix_multiplication,2017-07-15T10:10:00Z,62,67,80,98
matrix_multiplication,2017-07-15T10:10:01Z,62,63,93,111
matrix_multiplication,2017-07-15T10:10:02Z,63,78,144,234
matrix_multiplication,2017-07-15T10:10:03Z,62,63,110,848
matrix_multiplication,2017-07-15T10:10:04Z,62,63,93,95
matrix_multiplication,2017-07-15T10:10:05Z,62,64,110,124
matrix_multiplication,2017-07-15T10:10:06Z,61,63,79,109
matrix_multiplication,2017-07-15T10:10:07Z,62,63,79,98
matrix_multiplication,2017-07-15T10:10:08Z,62,63,78,80
matrix_multiplication,2017-07-15T10:10:09Z,62,63,87,94
matrix_multiplication,2017-07-15T10:10:10Z,62,63,109,172
matrix_multiplication,2017-07-15T10:10:11Z,62,63,79,88
matrix_multiplication,2017-07-15T10:10:12Z,62,63,79,92
matrix_multiplication,2017-07-15T10:10:13Z,62,63,78,79
matrix_multiplication,2017-07-15T10:10:14Z,62,63,78,94
matrix_multiplication,2017-07-15T10:10:15Z,62,63,92,172
matrix_multiplication,2017-07-15T10:10:16Z,62,63,96,109
matrix_multiplication,2017-07-15T10:10:17Z,62,65,110,125
matrix_multiplication,2017-07-15T10:10:18Z,62,63,78,79
matrix_multiplication,2017-07-15T10:10:19Z,62,66,79,92
matrix_multiplication,2017-07-15T10:10:20Z,62,64,107,156
matrix_multiplication,2017-07-15T10:10:21Z,62,63,78,94
matrix_multiplication,2017-07-15T10:10:22Z,62,63,80,109
matrix_multiplication,2017-07-15T10:10:23Z,59,63,76,82
matrix_multiplication,2017-07-15T10:10:24Z,61,63,109,128
matrix_multiplication,2017-07-15T10:10:25Z,62,78,110,120
matrix_multiplication,2017-07-15T10:10:26Z,62,65,79,96
matrix_multiplication,2017-07-15T10:10:27Z,62,63,80,98
matrix_multiplication,2017-07-15T10:10:28Z,62,65,109,137
matrix_multiplication,2017-07-15T10:10:29Z,62,64,78,98
matrix_multiplication,2017-07-15T10:10:30Z,62,64,93,125
matrix_multiplication,2017-07-15T10:10:31Z,61,63,66,90
matrix_multiplication,2017-07-15T10:10:32Z,63,66,94,109
matrix_multiplication,2017-07-15T10:10:33Z,62,63,90,156
matrix_multiplication,2017-07-15T10:10:34Z,63,67,79,188
matrix_multiplication,2017-07-15T10:10:35Z,62,64,94,167
matrix_multiplication,2017-07-15T10:10:36Z,62,65,143,375
matrix_multiplication,2017-07-15T10:10:37Z,61,63,160,248
matrix_multiplication,2017-07-15T10:10:38Z,62,64,97,141
matrix_multiplication,2017-07-15T10:10:39Z,63,66,97,140
matrix_multiplication,2017-07-15T10:10:40Z,62,64,92,125
matrix_multiplication,2017-07-15T10:10:41Z,62,66,139,169
matrix_multiplication,2017-07-15T10:10:42Z,62,66,78,109
matrix_multiplication,2017-07-15T10:10:43Z,62,75,203,425
matrix_multiplication,2017-07-15T10:10:44Z,63,73,120,326
matrix_multiplication,2017-07-15T10:10:45Z,63,68,96,143
matrix_multiplication,2017-07-15T10:10:46Z,62,64,120,172
matrix_multiplication,2017-07-15T10:10:47Z,62,67,125,590
matrix_multiplication,2017-07-15T10:10:48Z,62,68,125,245
matrix_multiplication,2017-07-15T10:10:49Z,62,66,94,162
matrix_multiplication,2017-07-15T10:10:50Z,63,78,125,190
matrix_multiplication,2017-07-15T10:10:51Z,62,78,109,129
matrix_multiplication,2017-07-15T10:10:52Z,62,63,78,91
matrix_multiplication,2017-07-15T10:10:53Z,62,63,94,110
matrix_multiplication,2017-07-15T10:10:54Z,62,65,80,110
matrix_multiplication,2017-07-15T10:10:55Z,61,67,96,142
matrix_multiplication,2017-07-15T10:10:56Z,62,66,109,155
matrix_multiplication,2017-07-15T10:10:57Z,63,68,96,143
matrix_multiplication,2017-07-15T10:10:58Z,61,66,99,127
matrix_multiplication,2017-07-15T10:10:59Z,61,67,96,138
matrix_multiplication,2017-07-15T10:11:00Z,64,80,140,188
matrix_multiplication,2017-07-15T10:11:01Z,63,78,98,109
matrix_multiplication,2017-07-15T10:11:02Z,63,75,110,139
matrix_multiplication,2017-07-15T10:11:03Z,63,78,108,111
matrix_multiplication,2017-07-15T10:11:04Z,61,64,81,176
matrix_multiplication,2017-07-15T10:11:05Z,62,66,107,167
matrix_multiplication,2017-07-15T10:11:06Z,62,67,88,94
matrix_multiplication,2017-07-15T10:11:07Z,62,66,110,135
matrix_multiplication,2017-07-15T10:11:08Z,61,65,157,186
matrix_multiplication,2017-07-15T10:11:09Z,62,65,81,122
matrix_multiplication,2017-07-15T10:11:10Z,62,73,93,108
matrix_multiplication,2017-07-15T10:11:11Z,62,73,120,268
matrix_multiplication,2017-07-15T10:11:12Z,61,65,108,139
matrix_multiplication,2017-07-15T10:11:13Z,61,64,78,110
matrix_multiplication,2017-07-15T10:11:14Z,62,64,80,95
matrix_multiplication,2017-07-15T10:11:15Z,62,66,109,130
matrix_multiplication,2017-07-15T10:11:16Z,62,64,79,93
matrix_multiplication,2017-07-15T10:11:17Z,62,65,78,125
matrix_multiplication,2017-07-15T10:11:18Z,62,65,122,172
matrix_multiplication,2017-07-15T10:11:19Z,62,66,121,407
matrix_multiplication,2017-07-15T10:11:20Z,62,67,110,153
matrix_multiplication,2017-07-15T10:11:21Z,62,68,168,342
matrix_multiplication,2017-07-15T10:11:22Z,61,64,124,174
matrix_multiplication,2017-07-15T10:11:23Z,60,66,94,143
matrix_multiplication,2017-07-15T10:11:24Z,62,63,108,158
matrix_multiplication,2017-07-15T10:11:25Z,63,67,91,103
matrix_multiplication,2017-07-15T10:11:26Z,62,64,142,296
matrix_multiplication,2017-07-15T10:11:27Z,62,66,93,108
matrix_multiplication,2017-07-15T10:11:28Z,62,67,109,171
matrix_multiplication,2017-07-15T10:11:29Z,63,67,88,96
matrix_multiplication,2017-07-15T10:11:30Z,62,67,90,127
matrix_multiplication,2017-07-15T10:11:31Z,62,66,138,155
matrix_multiplication,2017-07-15T10:11:32Z,63,68,109,168
matrix_multiplication,2017-07-15T10:11:33Z,60,65,91,139
matrix_multiplication,2017-07-15T10:11:34Z,62,65,89,96
matrix_multiplication,2017-07-15T10:11:35Z,62,64,123,299
matrix_multiplication,2017-07-15T10:11:36Z,62,67,108,129
matrix_multiplication,2017-07-15T10:11:37Z,62,65,80,109
matrix_multiplication,2017-07-15T10:11:38Z,62,66,123,183
matrix_multiplication,2017-07-15T10:11:39Z,62,64,112,235
matrix_multiplication,2017-07-15T10:11:40Z,62,64,108,276
matrix_multiplication,2017-07-15T10:11:41Z,63,68,141,200
matrix_multiplication,2017-07-15T10:11:42Z,62,78,129,189
matrix_multiplication,2017-07-15T10:11:43Z,59,65,112,250
matrix_multiplication,2017-07-15T10:11:44Z,60,63,122,216
matrix_multiplication,2017-07-15T10:11:45Z,62,63,174,297
matrix_multiplication,2017-07-15T10:11:46Z,62,64,247,468
matrix_multiplication,2017-07-15T10:11:47Z,60,63,125,222
matrix_multiplication,2017-07-15T10:11:48Z,63,67,189,592
matrix_multiplication,2017-07-15T10:11:49Z,62,67,147,519
matrix_multiplication,2017-07-15T10:11:50Z,61,63,152,190
matrix_multiplication,2017-07-15T10:11:51Z,62,67,97,141
matrix_multiplication,2017-07-15T10:11:52Z,62,63,80,121
matrix_multiplication,2017-07-15T10:11:53Z,62,66,79,107
matrix_multiplication,2017-07-15T10:11:54Z,62,63,80,95
matrix_multiplication,2017-07-15T10:11:55Z,61,64,78,79
matrix_multiplication,2017-07-15T10:11:56Z,62,63,79,156
matrix_multiplication,2017-07-15T10:11:57Z,62,64,97,157
matrix_multiplication,2017-07-15T10:11:58Z,62,67,93,130
matrix_multiplication,2017-07-15T10:11:59Z,60,64,82,109
matrix_multiplication,2017-07-15T10:12:00Z,63,74,95,109
matrix_multiplication,2017-07-15T10:12:01Z,62,65,91,156
matrix_multiplication,2017-07-15T10:12:02Z,62,66,96,109
matrix_multiplication,2017-07-15T10:12:03Z,62,72,108,123
matrix_multiplication,2017-07-15T10:12:04Z,62,66,139,156
matrix_multiplication,2017-07-15T10:12:05Z,62,64,111,169
matrix_multiplication,2017-07-15T10:12:06Z,62,64,108,391
matrix_multiplication,2017-07-15T10:12:07Z,62,65,90,158
matrix_multiplication,2017-07-15T10:12:08Z,61,63,93,157
matrix_multiplication,2017-07-15T10:12:09Z,62,64,92,156
matrix_multiplication,2017-07-15T10:12:10Z,62,66,90,91
matrix_multiplication,2017-07-15T10:12:11Z,63,75,126,157
matrix_multiplication,2017-07-15T10:12:12Z,62,63,91,141
matrix_multiplication,2017-07-15T10:12:13Z,62,64,78,125
matrix_multiplication,2017-07-15T10:12:14Z,62,68,175,751
matrix_multiplication,2017-07-15T10:12:15Z,62,64,79,83
matrix_multiplication,2017-07-15T10:12:16Z,62,67,129,171
matrix_multiplication,2017-07-15T10:12:17Z,62,64,79,95
matrix_multiplication,2017-07-15T10:12:18Z,62,63,78,109
matrix_multiplication,2017-07-15T10:12:19Z,62,63,111,223
matrix_multiplication,2017-07-15T10:12:20Z,62,64,94,126
matrix_multiplication,2017-07-15T10:12:21Z,62,66,121,140
matrix_multiplication,2017-07-15T10:12:22Z,61,64,94,123
matrix_multiplication,2017-07-15T10:12:23Z,63,67,90,111
matrix_multiplication,2017-07-15T10:12:24Z,62,64,109,110
matrix_multiplication,2017-07-15T10:12:25Z,62,77,109,125
matrix_multiplication,2017-07-15T10:12:26Z,60,65,109,312
matrix_multiplication,2017-07-15T10:12:27Z,62,67,79,93
matrix_multiplication,2017-07-15T10:12:28Z,62,65,109,158
matrix_multiplication,2017-07-15T10:12:29Z,62,65,110,189
matrix_multiplication,2017-07-15T10:12:30Z,63,66,78,81
matrix_multiplication,2017-07-15T10:12:31Z,62,68,97,125
matrix_multiplication,2017-07-15T10:12:32Z,62,64,90,98
matrix_multiplication,2017-07-15T10:12:33Z,62,63,84,154
matrix_multiplication,2017-07-15T10:12:34Z,62,65,109,114
matrix_multiplication,2017-07-15T10:12:35Z,62,67,91,96
matrix_multiplication,2017-07-15T10:12:36Z,62,65,96,169
matrix_multiplication,2017-07-15T10:12:37Z,62,64,93,113
matrix_multiplication,2017-07-15T10:12:38Z,62,65,96,206
matrix_multiplication,2017-07-15T10:12:39Z,62,65,91,124
matrix_multiplication,2017-07-15T10:12:40Z,62,66,106,129
matrix_multiplication,2017-07-15T10:12:41Z,62,75,122,155
matrix_multiplication,2017-07-15T10:12:42Z,62,69,120,126
matrix_multiplication,2017-07-15T10:12:43Z,62,65,94,125
matrix_multiplication,2017-07-15T10:12:44Z,62,66,80,141
matrix_multiplication,2017-07-15T10:12:45Z,62,66,109,129
matrix_multiplication,2017-07-15T10:12:46Z,62,66,141,188
matrix_multiplication,2017-07-15T10:12:47Z,62,67,94,105
matrix_multiplication,2017-07-15T10:12:48Z,62,67,81,121
matrix_multiplication,2017-07-15T10:12:49Z,63,68,93,153
matrix_multiplication,2017-07-15T10:12:50Z,62,67,95,109
matrix_multiplication,2017-07-15T10:12:51Z,62,66,96,156
matrix_multiplication,2017-07-15T10:12:52Z,62,78,106,157
matrix_multiplication,2017-07-15T10:12:53Z,61,63,81,128
matrix_multiplication,2017-07-15T10:12:54Z,62,67,108,157
matrix_multiplication,2017-07-15T10:12:55Z,62,65,81,111
matrix_multiplication,2017-07-15T10:12:56Z,63,65,128,143
matrix_multiplication,2017-07-15T10:12:57Z,62,66,79,168
matrix_multiplication,2017-07-15T10:12:58Z,62,65,80,94
matrix_multiplication,2017-07-15T10:12:59Z,61,66,80,153
matrix_multiplication,2017-07-15T10:13:00Z,62,66,95,154
matrix_multiplication,2017-07-15T10:13:01Z,62,78,108,125
matrix_multiplication,2017-07-15T10:13:02Z,62,66,97,139
matrix_multiplication,2017-07-15T10:13:03Z,62,67,109,125
matrix_multiplication,2017-07-15T10:13:04Z,62,66,94,139
matrix_multiplication,2017-07-15T10:13:05Z,62,66,98,246
matrix_multiplication,2017-07-15T10:13:06Z,62,66,94,203
matrix_multiplication,2017-07-15T10:13:07Z,62,73,127,189
matrix_multiplication,2017-07-15T10:13:08Z,62,66,95,139
matrix_multiplication,2017-07-15T10:13:09Z,62,67,108,130
matrix_multiplication,2017-07-15T10:13:10Z,61,66,95,125
matrix_multiplication,2017-07-15T10:13:11Z,62,65,109,168
matrix_multiplication,2017-07-15T10:13:12Z,62,65,80,141
matrix_multiplication,2017-07-15T10:13:13Z,63,78,109,125
matrix_multiplication,2017-07-15T10:13:14Z,62,67,96,186
matrix_multiplication,2017-07-15T10:13:15Z,63,78,126,221
matrix_multiplication,2017-07-15T10:13:16Z,62,66,94,172
matrix_multiplication,2017-07-15T10:13:17Z,62,66,79,125
matrix_multiplication,2017-07-15T10:13:18Z,62,66,109,219
matrix_multiplication,2017-07-15T10:13:19Z,62,68,172,284
matrix_multiplication,2017-07-15T10:13:20Z,62,67,109,142
matrix_multiplication,2017-07-15T10:13:21Z,62,67,98,189
matrix_multiplication,2017-07-15T10:13:22Z,62,68,109,156
matrix_multiplication,2017-07-15T10:13:23Z,62,66,99,125
matrix_multiplication,2017-07-15T10:13:24Z,62,67,125,169
matrix_multiplication,2017-07-15T10:13:25Z,61,65,82,125
matrix_multiplication,2017-07-15T10:13:26Z,61,63,79,107
matrix_multiplication,2017-07-15T10:13:27Z,60,63,89,106
matrix_multiplication,2017-07-15T10:13:28Z,62,67,114,172
matrix_multiplication,2017-07-15T10:13:29Z,62,67,109,140
matrix_multiplication,2017-07-15T10:13:30Z,62,68,94,185
matrix_multiplication,2017-07-15T10:13:31Z,62,65,89,98
matrix_multiplication,2017-07-15T10:13:32Z,60,64,78,96
matrix_multiplication,2017-07-15T10:13:33Z,62,65,80,127
matrix_multiplication,2017-07-15T10:13:34Z,62,66,109,141
matrix_multiplication,2017-07-15T10:13:35Z,62,67,110,128
matrix_multiplication,2017-07-15T10:13:36Z,62,67,79,238
matrix_multiplication,2017-07-15T10:13:37Z,62,63,80,137
matrix_multiplication,2017-07-15T10:13:38Z,61,64,121,187
matrix_multiplication,2017-07-15T10:13:39Z,62,64,83,93
matrix_multiplication,2017-07-15T10:13:40Z,63,67,93,121
matrix_multiplication,2017-07-15T10:13:41Z,63,68,81,126
matrix_multiplication,2017-07-15T10:13:42Z,62,68,80,140
matrix_multiplication,2017-07-15T10:13:43Z,62,68,96,391
matrix_multiplication,2017-07-15T10:13:44Z,62,78,128,172
matrix_multiplication,2017-07-15T10:13:45Z,62,66,93,159
matrix_multiplication,2017-07-15T10:13:46Z,62,66,80,107
matrix_multiplication,2017-07-15T10:13:47Z,62,66,92,109
matrix_multiplication,2017-07-15T10:13:48Z,61,64,78,93
matrix_multiplication,2017-07-15T10:13:49Z,62,66,91,157
matrix_multiplication,2017-07-15T10:13:50Z,62,65,109,140
matrix_multiplication,2017-07-15T10:13:51Z,61,63,79,143
matrix_multiplication,2017-07-15T10:13:52Z,60,63,80,230
matrix_multiplication,2017-07-15T10:13:53Z,62,67,80,94
matrix_multiplication,2017-07-15T10:13:54Z,62,68,98,177
matrix_multiplication,2017-07-15T10:13:55Z,62,68,109,188
matrix_multiplication,2017-07-15T10:13:56Z,62,66,109,171
matrix_multiplication,2017-07-15T10:13:57Z,62,67,108,201
matrix_multiplication,2017-07-15T10:13:58Z,62,67,91,152
matrix_multiplication,2017-07-15T10:13:59Z,62,68,98,182
matrix_multiplication,2017-07-15T10:14:00Z,62,68,93,126
matrix_multiplication,2017-07-15T10:14:01Z,62,66,79,124
matrix_multiplication,2017-07-15T10:14:02Z,62,66,80,109
matrix_multiplication,2017-07-15T10:14:03Z,62,67,92,170
matrix_multiplication,2017-07-15T10:14:04Z,63,78,122,141
matrix_multiplication,2017-07-15T10:14:05Z,63,76,91,105
matrix_multiplication,2017-07-15T10:14:06Z,61,67,126,128
matrix_multiplication,2017-07-15T10:14:07Z,62,74,90,177
matrix_multiplication,2017-07-15T10:14:08Z,62,66,110,277
matrix_multiplication,2017-07-15T10:14:09Z,62,65,94,123
matrix_multiplication,2017-07-15T10:14:10Z,62,66,80,97
matrix_multiplication,2017-07-15T10:14:11Z,62,68,110,138
matrix_multiplication,2017-07-15T10:14:12Z,62,66,141,202
matrix_multiplication,2017-07-15T10:14:13Z,62,77,109,127
matrix_multiplication,2017-07-15T10:14:14Z,62,77,141,171
matrix_multiplication,2017-07-15T10:14:15Z,62,70,115,219
matrix_multiplication,2017-07-15T10:14:16Z,63,78,109,139
matrix_multiplication,2017-07-15T10:14:17Z,62,67,110,225
matrix_multiplication,2017-07-15T10:14:18Z,63,69,124,218
matrix_multiplication,2017-07-15T10:14:19Z,62,66,110,186
matrix_multiplication,2017-07-15T10:14:20Z,63,66,94,143
matrix_multiplication,2017-07-15T10:14:21Z,62,68,94,151
matrix_multiplication,2017-07-15T10:14:22Z,62,64,80,99
matrix_multiplication,2017-07-15T10:14:23Z,62,67,107,188
matrix_multiplication,2017-07-15T10:14:24Z,62,67,109,235
matrix_multiplication,2017-07-15T10:14:25Z,63,78,188,265
matrix_multiplication,2017-07-15T10:14:26Z,63,78,141,205
matrix_multiplication,2017-07-15T10:14:27Z,62,67,139,265
matrix_multiplication,2017-07-15T10:14:28Z,61,68,150,236
matrix_multiplication,2017-07-15T10:14:29Z,62,67,121,151
matrix_multiplication,2017-07-15T10:14:30Z,62,77,112,159
matrix_multiplication,2017-07-15T10:14:31Z,62,65,109,157
matrix_multiplication,2017-07-15T10:14:32Z,62,65,97,156
matrix_multiplication,2017-07-15T10:14:33Z,62,67,94,156
matrix_multiplication,2017-07-15T10:14:34Z,63,67,93,203
matrix_multiplication,2017-07-15T10:14:35Z,63,69,94,217
matrix_multiplication,2017-07-15T10:14:36Z,62,64,79,502
matrix_multiplication,2017-07-15T10:14:37Z,61,65,81,94
matrix_multiplication,2017-07-15T10:14:38Z,62,67,127,248
matrix_multiplication,2017-07-15T10:14:39Z,61,65,80,145
matrix_multiplication,2017-07-15T10:14:40Z,62,65,109,159
matrix_multiplication,2017-07-15T10:14:41Z,61,66,120,177
matrix_multiplication,2017-07-15T10:14:42Z,62,67,98,139
matrix_multiplication,2017-07-15T10:14:43Z,62,66,112,294
matrix_multiplication,2017-07-15T10:14:44Z,62,64,82,97
matrix_multiplication,2017-07-15T10:14:45Z,62,67,97,172
matrix_multiplication,2017-07-15T10:14:46Z,62,70,110,324
matrix_multiplication,2017-07-15T10:14:47Z,62,66,115,218
matrix_multiplication,2017-07-15T10:14:48Z,62,67,112,468
matrix_multiplication,2017-07-15T10:14:49Z,63,76,126,206
matrix_multiplication,2017-07-15T10:14:50Z,62,65,82,125
matrix_multiplication,2017-07-15T10:14:51Z,62,67,109,159
matrix_multiplication,2017-07-15T10:14:52Z,62,66,94,208
matrix_multiplication,2017-07-15T10:14:53Z,62,67,120,188
matrix_multiplication,2017-07-15T10:14:54Z,62,68,138,168
matrix_multiplication,2017-07-15T10:14:55Z,63,73,97,140
matrix_multiplication,2017-07-15T10:14:56Z,63,72,109,155
matrix_multiplication,2017-07-15T10:14:57Z,62,67,97,142
matrix_multiplication,2017-07-15T10:14:58Z,62,66,82,129
matrix_multiplication,2017-07-15T10:14:59Z,62,67,110,191
matrix_multiplication,2017-07-15T10:15:00Z,62,77,96,216
matrix_multiplication,2017-07-15T10:15:01Z,62,67,109,158
matrix_multiplication,2017-07-15T10:15:02Z,62,65,108,208
matrix_multiplication,2017-07-15T10:15:03Z,62,66,120,138
matrix_multiplication,2017-07-15T10:15:04Z,62,65,85,128
matrix_multiplication,2017-07-15T10:15:05Z,62,66,109,145
matrix_multiplication,2017-07-15T10:15:06Z,62,64,94,140
matrix_multiplication,2017-07-15T10:15:07Z,62,66,93,187
matrix_multiplication,2017-07-15T10:15:08Z,62,66,93,139
matrix_multiplication,2017-07-15T10:15:09Z,62,66,107,140
matrix_multiplication,2017-07-15T10:15:10Z,62,66,88,122
matrix_multiplication,2017-07-15T10:15:11Z,62,66,80,172
matrix_multiplication,2017-07-15T10:15:12Z,62,76,109,137
matrix_multiplication,2017-07-15T10:15:13Z,62,66,108,140
matrix_multiplication,2017-07-15T10:15:14Z,62,66,88,206
matrix_multiplication,2017-07-15T10:15:15Z,62,66,95,154
matrix_multiplication,2017-07-15T10:15:16Z,62,67,109,188
matrix_multiplication,2017-07-15T10:15:17Z,62,63,78,84
matrix_multiplication,2017-07-15T10:15:18Z,62,63,78,92
matrix_multiplication,2017-07-15T10:15:19Z,62,66,108,187
matrix_multiplication,2017-07-15T10:15:20Z,63,75,110,139
matrix_multiplication,2017-07-15T10:15:21Z,63,77,97,158
matrix_multiplication,2017-07-15T10:15:22Z,62,66,95,264
matrix_multiplication,2017-07-15T10:15:23Z,62,73,109,188
matrix_multiplication,2017-07-15T10:15:24Z,62,67,93,114
matrix_multiplication,2017-07-15T10:15:25Z,63,76,198,515
matrix_multiplication,2017-07-15T10:15:26Z,63,77,140,294
matrix_multiplication,2017-07-15T10:15:27Z,62,67,95,127
matrix_multiplication,2017-07-15T10:15:28Z,62,66,94,156
matrix_multiplication,2017-07-15T10:15:29Z,62,66,108,174
matrix_multiplication,2017-07-15T10:15:30Z,63,68,110,425
matrix_multiplication,2017-07-15T10:15:31Z,62,66,108,359
matrix_multiplication,2017-07-15T10:15:32Z,62,66,92,656
matrix_multiplication,2017-07-15T10:15:33Z,62,66,96,594
matrix_multiplication,2017-07-15T10:15:34Z,62,64,97,359
matrix_multiplication,2017-07-15T10:15:35Z,63,78,140,312
matrix_multiplication,2017-07-15T10:15:36Z,63,66,92,109
matrix_multiplication,2017-07-15T10:15:37Z,62,66,82,200
matrix_multiplication,2017-07-15T10:15:38Z,62,64,120,201
matrix_multiplication,2017-07-15T10:15:39Z,62,65,98,143
matrix_multiplication,2017-07-15T10:15:40Z,62,66,95,218
matrix_multiplication,2017-07-15T10:15:41Z,62,66,79,97
matrix_multiplication,2017-07-15T10:15:42Z,62,66,120,189
matrix_multiplication,2017-07-15T10:15:43Z,63,67,95,140
matrix_multiplication,2017-07-15T10:15:44Z,61,64,89,205
matrix_multiplication,2017-07-15T10:15:45Z,63,79,141,265
matrix_multiplication,2017-07-15T10:15:46Z,62,67,171,343
matrix_multiplication,2017-07-15T10:15:47Z,62,65,109,278
matrix_multiplication,2017-07-15T10:15:48Z,62,66,80,489
matrix_multiplication,2017-07-15T10:15:49Z,62,76,128,174
matrix_multiplication,2017-07-15T10:15:50Z,63,67,99,173
matrix_multiplication,2017-07-15T10:15:51Z,61,66,109,125
matrix_multiplication,2017-07-15T10:15:52Z,62,67,110,141
matrix_multiplication,2017-07-15T10:15:53Z,62,66,95,172
matrix_multiplication,2017-07-15T10:15:54Z,62,67,92,120
matrix_multiplication,2017-07-15T10:15:55Z,64,78,110,203
matrix_multiplication,2017-07-15T10:15:56Z,62,78,119,170
matrix_multiplication,2017-07-15T10:15:57Z,62,67,107,110
matrix_multiplication,2017-07-15T10:15:58Z,62,77,98,151
matrix_multiplication,2017-07-15T10:15:59Z,63,67,109,141
matrix_multiplication,2017-07-15T10:16:00Z,63,68,93,167
matrix_multiplication,2017-07-15T10:16:01Z,62,67,121,218
matrix_multiplication,2017-07-15T10:16:02Z,63,78,137,404
matrix_multiplication,2017-07-15T10:16:03Z,62,67,97,380
matrix_multiplication,2017-07-15T10:16:04Z,62,67,152,377
matrix_multiplication,2017-07-15T10:16:05Z,63,78,139,203
matrix_multiplication,2017-07-15T10:16:06Z,62,68,94,123
matrix_multiplication,2017-07-15T10:16:07Z,62,66,97,109
matrix_multiplication,2017-07-15T10:16:08Z,62,68,93,357
matrix_multiplication,2017-07-15T10:16:09Z,62,66,90,125
matrix_multiplication,2017-07-15T10:16:10Z,62,73,109,140
matrix_multiplication,2017-07-15T10:16:11Z,62,66,94,154
matrix_multiplication,2017-07-15T10:16:12Z,62,67,112,175
matrix_multiplication,2017-07-15T10:16:13Z,62,77,95,130
matrix_multiplication,2017-07-15T10:16:14Z,63,78,153,699
matrix_multiplication,2017-07-15T10:16:15Z,63,67,108,168
matrix_multiplication,2017-07-15T10:16:16Z,62,67,93,107
matrix_multiplication,2017-07-15T10:16:17Z,62,66,79,125
matrix_multiplication,2017-07-15T10:16:18Z,62,67,89,125
matrix_multiplication,2017-07-15T10:16:19Z,62,75,108,156
matrix_multiplication,2017-07-15T10:16:20Z,62,78,128,187
matrix_multiplication,2017-07-15T10:16:21Z,62,68,126,236
matrix_multiplication,2017-07-15T10:16:22Z,63,78,125,185
matrix_multiplication,2017-07-15T10:16:23Z,62,78,125,169
matrix_multiplication,2017-07-15T10:16:24Z,63,78,164,248
matrix_multiplication,2017-07-15T10:16:25Z,62,72,109,187
matrix_multiplication,2017-07-15T10:16:26Z,62,73,110,205
matrix_multiplication,2017-07-15T10:16:27Z,62,78,139,281
matrix_multiplication,2017-07-15T10:16:28Z,62,78,125,154
matrix_multiplication,2017-07-15T10:16:29Z,62,67,123,267
matrix_multiplication,2017-07-15T10:16:30Z,62,67,109,130
matrix_multiplication,2017-07-15T10:16:31Z,62,78,107,125
matrix_multiplication,2017-07-15T10:16:32Z,63,78,114,279
matrix_multiplication,2017-07-15T10:16:33Z,62,68,94,175
matrix_multiplication,2017-07-15T10:16:34Z,62,67,112,125
matrix_multiplication,2017-07-15T10:16:35Z,62,68,125,247
matrix_multiplication,2017-07-15T10:16:36Z,62,78,140,157
matrix_multiplication,2017-07-15T10:16:37Z,62,65,114,207
matrix_multiplication,2017-07-15T10:16:38Z,62,78,168,281
matrix_multiplication,2017-07-15T10:16:39Z,62,67,110,314
matrix_multiplication,2017-07-15T10:16:40Z,63,67,109,188
matrix_multiplication,2017-07-15T10:16:41Z,62,78,184,267
matrix_multiplication,2017-07-15T10:16:42Z,63,67,124,192
matrix_multiplication,2017-07-15T10:16:43Z,63,78,124,141
matrix_multiplication,2017-07-15T10:16:44Z,62,66,110,345
matrix_multiplication,2017-07-15T10:16:45Z,62,74,188,594
matrix_multiplication,2017-07-15T10:16:46Z,63,67,99,283
matrix_multiplication,2017-07-15T10:16:47Z,63,78,187,359
matrix_multiplication,2017-07-15T10:16:48Z,62,64,126,229
matrix_multiplication,2017-07-15T10:16:49Z,62,66,95,470
matrix_multiplication,2017-07-15T10:16:50Z,62,68,124,249
matrix_multiplication,2017-07-15T10:16:51Z,62,66,109,298
matrix_multiplication,2017-07-15T10:16:52Z,62,67,139,250
matrix_multiplication,2017-07-15T10:16:53Z,62,65,110,186
matrix_multiplication,2017-07-15T10:16:54Z,62,68,97,265
matrix_multiplication,2017-07-15T10:16:55Z,62,77,110,253
matrix_multiplication,2017-07-15T10:16:56Z,62,68,98,153
matrix_multiplication,2017-07-15T10:16:57Z,63,68,124,191
matrix_multiplication,2017-07-15T10:16:58Z,63,74,162,250
matrix_multiplication,2017-07-15T10:16:59Z,62,77,129,221
matrix_multiplication,2017-07-15T10:17:00Z,65,79,140,279
matrix_multiplication,2017-07-15T10:17:01Z,63,78,126,173
matrix_multiplication,2017-07-15T10:17:02Z,63,75,81,125
matrix_multiplication,2017-07-15T10:17:03Z,65,78,125,154
matrix_multiplication,2017-07-15T10:17:04Z,63,78,157,658
matrix_multiplication,2017-07-15T10:17:05Z,63,77,110,250
matrix_multiplication,2017-07-15T10:17:06Z,62,77,124,142
matrix_multiplication,2017-07-15T10:17:07Z,62,78,130,448
matrix_multiplication,2017-07-15T10:17:08Z,63,78,109,186
matrix_multiplication,2017-07-15T10:17:09Z,62,66,109,145
matrix_multiplication,2017-07-15T10:17:10Z,62,66,79,301
matrix_multiplication,2017-07-15T10:17:11Z,62,73,108,111
matrix_multiplication,2017-07-15T10:17:12Z,65,79,171,390
matrix_multiplication,2017-07-15T10:17:13Z,62,73,156,219
matrix_multiplication,2017-07-15T10:17:14Z,62,66,98,202
matrix_multiplication,2017-07-15T10:17:15Z,62,76,113,284
matrix_multiplication,2017-07-15T10:17:16Z,62,78,138,267
matrix_multiplication,2017-07-15T10:17:17Z,63,78,125,177
matrix_multiplication,2017-07-15T10:17:18Z,62,68,86,186
matrix_multiplication,2017-07-15T10:17:19Z,62,73,110,216
matrix_multiplication,2017-07-15T10:17:20Z,62,67,94,154
matrix_multiplication,2017-07-15T10:17:21Z,63,76,140,279
matrix_multiplication,2017-07-15T10:17:22Z,63,77,110,186
matrix_multiplication,2017-07-15T10:17:23Z,62,78,122,154
matrix_multiplication,2017-07-15T10:17:24Z,62,68,94,124
matrix_multiplication,2017-07-15T10:17:25Z,63,78,110,126
matrix_multiplication,2017-07-15T10:17:26Z,62,68,157,277
matrix_multiplication,2017-07-15T10:17:27Z,63,73,129,219
matrix_multiplication,2017-07-15T10:17:28Z,62,67,92,169
matrix_multiplication,2017-07-15T10:17:29Z,62,67,125,293
matrix_multiplication,2017-07-15T10:17:30Z,62,78,109,262
matrix_multiplication,2017-07-15T10:17:31Z,63,78,121,157
matrix_multiplication,2017-07-15T10:17:32Z,63,76,94,175
matrix_multiplication,2017-07-15T10:17:33Z,63,69,112,230
matrix_multiplication,2017-07-15T10:17:34Z,63,78,124,345
matrix_multiplication,2017-07-15T10:17:35Z,62,67,141,172
matrix_multiplication,2017-07-15T10:17:36Z,62,67,94,139
matrix_multiplication,2017-07-15T10:17:37Z,62,67,120,266
matrix_multiplication,2017-07-15T10:17:38Z,62,67,127,188
matrix_multiplication,2017-07-15T10:17:39Z,62,67,111,157
matrix_multiplication,2017-07-15T10:17:40Z,63,76,140,469
matrix_multiplication,2017-07-15T10:17:41Z,63,78,125,188
matrix_multiplication,2017-07-15T10:17:42Z,63,73,110,219
matrix_multiplication,2017-07-15T10:17:43Z,63,76,125,187
matrix_multiplication,2017-07-15T10:17:44Z,62,76,127,190
matrix_multiplication,2017-07-15T10:17:45Z,63,68,139,295
matrix_multiplication,2017-07-15T10:17:46Z,62,76,157,312
matrix_multiplication,2017-07-15T10:17:47Z,63,78,221,251
matrix_multiplication,2017-07-15T10:17:48Z,63,68,141,249
matrix_multiplication,2017-07-15T10:17:49Z,62,67,159,338
matrix_multiplication,2017-07-15T10:17:50Z,62,68,93,219
matrix_multiplication,2017-07-15T10:17:51Z,63,78,187,280
matrix_multiplication,2017-07-15T10:17:52Z,62,68,125,177
matrix_multiplication,2017-07-15T10:17:53Z,62,67,92,359
matrix_multiplication,2017-07-15T10:17:54Z,62,67,125,219
matrix_multiplication,2017-07-15T10:17:55Z,62,67,93,139
matrix_multiplication,2017-07-15T10:17:56Z,62,78,140,248
matrix_multiplication,2017-07-15T10:17:57Z,62,68,120,163
matrix_multiplication,2017-07-15T10:17:58Z,62,67,94,108
matrix_multiplication,2017-07-15T10:17:59Z,62,65,94,130
matrix_multiplication,2017-07-15T10:18:00Z,62,67,93,159
matrix_multiplication,2017-07-15T10:18:01Z,62,67,80,158
matrix_multiplication,2017-07-15T10:18:02Z,62,67,110,171
matrix_multiplication,2017-07-15T10:18:03Z,63,79,139,217
matrix_multiplication,2017-07-15T10:18:04Z,63,78,93,110
matrix_multiplication,2017-07-15T10:18:05Z,62,78,113,187
matrix_multiplication,2017-07-15T10:18:06Z,63,78,94,172
matrix_multiplication,2017-07-15T10:18:07Z,62,67,123,170
matrix_multiplication,2017-07-15T10:18:08Z,63,78,126,169
matrix_multiplication,2017-07-15T10:18:09Z,62,66,122,160
matrix_multiplication,2017-07-15T10:18:10Z,62,68,80,113
matrix_multiplication,2017-07-15T10:18:11Z,63,76,112,188
matrix_multiplication,2017-07-15T10:18:12Z,63,78,109,157
matrix_multiplication,2017-07-15T10:18:13Z,62,67,125,219
matrix_multiplication,2017-07-15T10:18:14Z,63,75,126,267
matrix_multiplication,2017-07-15T10:18:15Z,62,75,95,125
matrix_multiplication,2017-07-15T10:18:16Z,63,73,94,154
matrix_multiplication,2017-07-15T10:18:17Z,62,68,115,172
matrix_multiplication,2017-07-15T10:18:18Z,62,67,90,109
matrix_multiplication,2017-07-15T10:18:19Z,62,66,97,214
matrix_multiplication,2017-07-15T10:18:20Z,63,68,114,193
matrix_multiplication,2017-07-15T10:18:21Z,63,68,94,188
matrix_multiplication,2017-07-15T10:18:22Z,62,66,94,156
matrix_multiplication,2017-07-15T10:18:23Z,62,69,125,512
matrix_multiplication,2017-07-15T10:18:24Z,62,68,112,469
matrix_multiplication,2017-07-15T10:18:25Z,63,76,109,187
matrix_multiplication,2017-07-15T10:18:26Z,62,67,125,175
matrix_multiplication,2017-07-15T10:18:27Z,62,66,90,109
matrix_multiplication,2017-07-15T10:18:28Z,62,66,79,153
matrix_multiplication,2017-07-15T10:18:29Z,62,67,82,108
matrix_multiplication,2017-07-15T10:18:30Z,62,65,94,174
matrix_multiplication,2017-07-15T10:18:31Z,62,69,156,340
matrix_multiplication,2017-07-15T10:18:32Z,62,67,110,170
matrix_multiplication,2017-07-15T10:18:33Z,62,75,109,186
matrix_multiplication,2017-07-15T10:18:34Z,62,77,125,218
matrix_multiplication,2017-07-15T10:18:35Z,63,79,126,188
matrix_multiplication,2017-07-15T10:18:36Z,62,68,122,189
matrix_multiplication,2017-07-15T10:18:37Z,62,67,89,126
matrix_multiplication,2017-07-15T10:18:38Z,62,73,95,140
matrix_multiplication,2017-07-15T10:18:39Z,62,78,110,140
matrix_multiplication,2017-07-15T10:18:40Z,63,68,94,215
matrix_multiplication,2017-07-15T10:18:41Z,62,67,97,156
matrix_multiplication,2017-07-15T10:18:42Z,63,68,125,250
matrix_multiplication,2017-07-15T10:18:43Z,63,78,120,219
matrix_multiplication,2017-07-15T10:18:44Z,63,78,125,295
matrix_multiplication,2017-07-15T10:18:45Z,63,68,107,203
matrix_multiplication,2017-07-15T10:18:46Z,63,78,122,171
matrix_multiplication,2017-07-15T10:18:47Z,63,76,107,189
matrix_multiplication,2017-07-15T10:18:48Z,63,77,110,222
matrix_multiplication,2017-07-15T10:18:49Z,63,78,136,171
matrix_multiplication,2017-07-15T10:18:50Z,62,68,95,176
matrix_multiplication,2017-07-15T10:18:51Z,62,67,80,124
matrix_multiplication,2017-07-15T10:18:52Z,63,78,109,219
matrix_multiplication,2017-07-15T10:18:53Z,63,78,127,198
matrix_multiplication,2017-07-15T10:18:54Z,62,77,120,174
matrix_multiplication,2017-07-15T10:18:55Z,63,79,141,309
matrix_multiplication,2017-07-15T10:18:56Z,63,78,125,219
matrix_multiplication,2017-07-15T10:18:57Z,63,68,109,152
matrix_multiplication,2017-07-15T10:18:58Z,63,67,107,232
matrix_multiplication,2017-07-15T10:18:59Z,63,73,108,198
matrix_multiplication,2017-07-15T10:19:00Z,63,78,140,205
matrix_multiplication,2017-07-15T10:19:01Z,64,78,130,184
matrix_multiplication,2017-07-15T10:19:02Z,63,68,109,126
matrix_multiplication,2017-07-15T10:19:03Z,63,76,109,174
matrix_multiplication,2017-07-15T10:19:04Z,63,78,125,218
matrix_multiplication,2017-07-15T10:19:05Z,62,77,94,173
matrix_multiplication,2017-07-15T10:19:06Z,63,78,110,169
matrix_multiplication,2017-07-15T10:19:07Z,63,77,125,234
matrix_multiplication,2017-07-15T10:19:08Z,62,78,146,435
matrix_multiplication,2017-07-15T10:19:09Z,63,78,128,266
matrix_multiplication,2017-07-15T10:19:10Z,62,67,155,298
matrix_multiplication,2017-07-15T10:19:11Z,63,77,112,220
matrix_multiplication,2017-07-15T10:19:12Z,62,68,110,139
matrix_multiplication,2017-07-15T10:19:13Z,62,67,124,172
matrix_multiplication,2017-07-15T10:19:14Z,62,68,109,190
matrix_multiplication,2017-07-15T10:19:15Z,62,67,109,172
matrix_multiplication,2017-07-15T10:19:16Z,62,73,141,240
matrix_multiplication,2017-07-15T10:19:17Z,63,78,109,172
matrix_multiplication,2017-07-15T10:19:18Z,62,66,109,142
matrix_multiplication,2017-07-15T10:19:19Z,63,78,154,284
matrix_multiplication,2017-07-15T10:19:20Z,63,78,174,265
matrix_multiplication,2017-07-15T10:19:21Z,63,79,204,732
matrix_multiplication,2017-07-15T10:19:22Z,63,78,109,188
matrix_multiplication,2017-07-15T10:19:23Z,62,73,109,284
matrix_multiplication,2017-07-15T10:19:24Z,63,74,109,189
matrix_multiplication,2017-07-15T10:19:25Z,63,77,170,267
matrix_multiplication,2017-07-15T10:19:26Z,62,67,141,254
matrix_multiplication,2017-07-15T10:19:27Z,62,66,111,359
matrix_multiplication,2017-07-15T10:19:28Z,63,68,109,233
matrix_multiplication,2017-07-15T10:19:29Z,66,78,113,436
matrix_multiplication,2017-07-15T10:19:30Z,62,67,92,171
matrix_multiplication,2017-07-15T10:19:31Z,64,80,140,172
matrix_multiplication,2017-07-15T10:19:32Z,64,79,203,418
matrix_multiplication,2017-07-15T10:19:33Z,63,79,151,250
matrix_multiplication,2017-07-15T10:19:34Z,62,78,129,221
matrix_multiplication,2017-07-15T10:19:35Z,62,67,110,159
matrix_multiplication,2017-07-15T10:19:36Z,62,68,82,141
matrix_multiplication,2017-07-15T10:19:37Z,62,67,109,203
matrix_multiplication,2017-07-15T10:19:38Z,62,67,98,156
matrix_multiplication,2017-07-15T10:19:39Z,62,66,129,233
matrix_multiplication,2017-07-15T10:19:40Z,63,77,108,141
matrix_multiplication,2017-07-15T10:19:41Z,62,69,107,155
matrix_multiplication,2017-07-15T10:19:42Z,63,78,109,156
matrix_multiplication,2017-07-15T10:19:43Z,62,68,109,209
matrix_multiplication,2017-07-15T10:19:44Z,63,73,94,168
matrix_multiplication,2017-07-15T10:19:45Z,62,66,109,422
matrix_multiplication,2017-07-15T10:19:46Z,63,77,121,250
matrix_multiplication,2017-07-15T10:19:47Z,62,75,96,143
matrix_multiplication,2017-07-15T10:19:48Z,62,68,121,284
matrix_multiplication,2017-07-15T10:19:49Z,63,67,94,170
matrix_multiplication,2017-07-15T10:19:50Z,62,67,127,187
matrix_multiplication,2017-07-15T10:19:51Z,62,67,79,110
matrix_multiplication,2017-07-15T10:19:52Z,62,67,92,223
matrix_multiplication,2017-07-15T10:19:53Z,62,66,81,109
matrix_multiplication,2017-07-15T10:19:54Z,63,68,120,302
matrix_multiplication,2017-07-15T10:19:55Z,63,77,143,389
matrix_multiplication,2017-07-15T10:19:56Z,63,78,154,217
matrix_multiplication,2017-07-15T10:19:57Z,63,72,110,222
matrix_multiplication,2017-07-15T10:19:58Z,62,66,93,106
matrix_multiplication,2017-07-15T10:19:59Z,62,67,114,205
matrix_multiplication,2017-07-15T10:20:00Z,63,79,137,188
matrix_multiplication,2017-07-15T10:20:01Z,62,66,94,127
matrix_multiplication,2017-07-15T10:20:02Z,62,69,95,172
matrix_multiplication,2017-07-15T10:20:03Z,62,67,109,146
matrix_multiplication,2017-07-15T10:20:04Z,63,77,109,189
matrix_multiplication,2017-07-15T10:20:05Z,62,67,125,251
matrix_multiplication,2017-07-15T10:20:06Z,62,66,93,176
matrix_multiplication,2017-07-15T10:20:07Z,61,63,79,130
matrix_multiplication,2017-07-15T10:20:08Z,63,77,109,177
matrix_multiplication,2017-07-15T10:20:09Z,62,69,109,203
matrix_multiplication,2017-07-15T10:20:10Z,62,66,109,250
matrix_multiplication,2017-07-15T10:20:11Z,62,66,89,110
matrix_multiplication,2017-07-15T10:20:12Z,62,67,93,169
matrix_multiplication,2017-07-15T10:20:13Z,62,67,125,175
matrix_multiplication,2017-07-15T10:20:14Z,62,65,120,177
matrix_multiplication,2017-07-15T10:20:15Z,62,63,79,176
matrix_multiplication,2017-07-15T10:20:16Z,63,74,110,207
matrix_multiplication,2017-07-15T10:20:17Z,62,66,105,145
matrix_multiplication,2017-07-15T10:20:18Z,62,66,80,141
matrix_multiplication,2017-07-15T10:20:19Z,63,78,159,235
matrix_multiplication,2017-07-15T10:20:20Z,62,78,111,309
matrix_multiplication,2017-07-15T10:20:21Z,64,78,128,250
matrix_multiplication,2017-07-15T10:20:22Z,62,67,88,136
matrix_multiplication,2017-07-15T10:20:23Z,63,73,95,159
matrix_multiplication,2017-07-15T10:20:24Z,63,78,99,173
matrix_multiplication,2017-07-15T10:20:25Z,62,68,94,161
matrix_multiplication,2017-07-15T10:20:26Z,62,77,99,110
matrix_multiplication,2017-07-15T10:20:27Z,63,78,122,157
matrix_multiplication,2017-07-15T10:20:28Z,62,78,110,219
matrix_multiplication,2017-07-15T10:20:29Z,62,67,98,125
matrix_multiplication,2017-07-15T10:20:30Z,62,69,110,558
matrix_multiplication,2017-07-15T10:20:31Z,63,78,125,282
matrix_multiplication,2017-07-15T10:20:32Z,62,67,83,131
matrix_multiplication,2017-07-15T10:20:33Z,62,66,93,270
matrix_multiplication,2017-07-15T10:20:34Z,62,77,129,252
matrix_multiplication,2017-07-15T10:20:35Z,63,76,108,592
matrix_multiplication,2017-07-15T10:20:36Z,63,78,121,182
matrix_multiplication,2017-07-15T10:20:37Z,62,67,108,147
matrix_multiplication,2017-07-15T10:20:38Z,62,65,94,141
matrix_multiplication,2017-07-15T10:20:39Z,62,66,93,128
matrix_multiplication,2017-07-15T10:20:40Z,63,69,109,156
matrix_multiplication,2017-07-15T10:20:41Z,62,67,81,157
matrix_multiplication,2017-07-15T10:20:42Z,63,75,105,170
matrix_multiplication,2017-07-15T10:20:43Z,62,72,93,126
matrix_multiplication,2017-07-15T10:20:44Z,63,76,140,564
matrix_multiplication,2017-07-15T10:20:45Z,63,77,156,545
matrix_multiplication,2017-07-15T10:20:46Z,62,68,123,188
matrix_multiplication,2017-07-15T10:20:47Z,63,73,110,187
matrix_multiplication,2017-07-15T10:20:48Z,63,66,94,125
matrix_multiplication,2017-07-15T10:20:49Z,62,78,110,218
matrix_multiplication,2017-07-15T10:20:50Z,62,67,96,159
matrix_multiplication,2017-07-15T10:20:51Z,62,66,109,278
matrix_multiplication,2017-07-15T10:20:52Z,62,66,96,245
matrix_multiplication,2017-07-15T10:20:53Z,63,76,129,176
matrix_multiplication,2017-07-15T10:20:54Z,62,65,125,234
matrix_multiplication,2017-07-15T10:20:55Z,63,78,129,229
matrix_multiplication,2017-07-15T10:20:56Z,62,66,107,200
matrix_multiplication,2017-07-15T10:20:57Z,63,73,99,199
matrix_multiplication,2017-07-15T10:20:58Z,63,78,110,187
matrix_multiplication,2017-07-15T10:20:59Z,63,75,125,323
matrix_multiplication,2017-07-15T10:21:00Z,62,68,124,223
matrix_multiplication,2017-07-15T10:21:01Z,62,75,144,318
matrix_multiplication,2017-07-15T10:21:02Z,62,76,140,402
matrix_multiplication,2017-07-15T10:21:03Z,63,78,157,313
matrix_multiplication,2017-07-15T10:21:04Z,62,73,127,468
matrix_multiplication,2017-07-15T10:21:05Z,62,78,156,281
matrix_multiplication,2017-07-15T10:21:06Z,63,78,203,406
matrix_multiplication,2017-07-15T10:21:07Z,62,77,108,234
matrix_multiplication,2017-07-15T10:21:08Z,62,68,94,187
matrix_multiplication,2017-07-15T10:21:09Z,63,68,107,187
matrix_multiplication,2017-07-15T10:21:10Z,62,68,110,188
matrix_multiplication,2017-07-15T10:21:11Z,62,64,79,110
matrix_multiplication,2017-07-15T10:21:12Z,62,63,74,113
matrix_multiplication,2017-07-15T10:21:13Z,63,79,94,99
matrix_multiplication,2017-07-15T10:21:14Z,59,79,93,93
matrix_multiplication,2017-07-15T10:21:15Z,62,66,92,130
matrix_multiplication,2017-07-15T10:21:16Z,61,64,90,90
matrix_multiplication,2017-07-15T10:21:17Z,62,66,92,140
matrix_multiplication,2017-07-15T10:21:18Z,60,63,63,63
matrix_multiplication,2017-07-15T10:21:19Z,62,62,79,79
matrix_multiplication,2017-07-15T10:21:20Z,60,62,71,79
matrix_multiplication,2017-07-15T10:21:21Z,75,109,157,157
matrix_multiplication,2017-07-15T10:21:22Z,63,78,146,235
matrix_multiplication,2017-07-15T10:21:23Z,63,78,144,250
matrix_multiplication,2017-07-15T10:21:24Z,62,65,109,203
matrix_multiplication,2017-07-15T10:21:25Z,62,66,92,140
matrix_multiplication,2017-07-15T10:21:26Z,63,76,109,172
matrix_multiplication,2017-07-15T10:21:27Z,62,66,94,171
matrix_multiplication,2017-07-15T10:21:28Z,62,66,96,190
matrix_multiplication,2017-07-15T10:21:29Z,63,69,125,187
matrix_multiplication,2017-07-15T10:21:30Z,63,67,93,140
matrix_multiplication,2017-07-15T10:21:31Z,62,76,126,515
matrix_multiplication,2017-07-15T10:21:32Z,63,78,126,216
matrix_multiplication,2017-07-15T10:21:33Z,62,76,158,328
matrix_multiplication,2017-07-15T10:21:34Z,62,73,109,264
matrix_multiplication,2017-07-15T10:21:35Z,63,74,109,140
matrix_multiplication,2017-07-15T10:21:36Z,63,68,110,184
matrix_multiplication,2017-07-15T10:21:37Z,62,68,95,157
matrix_multiplication,2017-07-15T10:21:38Z,63,67,98,246
matrix_multiplication,2017-07-15T10:21:39Z,62,78,142,219
matrix_multiplication,2017-07-15T10:21:40Z,62,78,109,172
matrix_multiplication,2017-07-15T10:21:41Z,63,77,109,186
matrix_multiplication,2017-07-15T10:21:42Z,63,78,141,263
matrix_multiplication,2017-07-15T10:21:43Z,63,77,129,422
matrix_multiplication,2017-07-15T10:21:44Z,62,76,202,436
matrix_multiplication,2017-07-15T10:21:45Z,62,67,141,418
matrix_multiplication,2017-07-15T10:21:46Z,62,67,137,217
matrix_multiplication,2017-07-15T10:21:47Z,63,69,110,453
matrix_multiplication,2017-07-15T10:21:48Z,62,78,173,266
matrix_multiplication,2017-07-15T10:21:49Z,62,68,126,294
matrix_multiplication,2017-07-15T10:21:50Z,63,77,169,260
matrix_multiplication,2017-07-15T10:21:51Z,62,63,81,109
matrix_multiplication,2017-07-15T10:21:52Z,62,78,127,251
matrix_multiplication,2017-07-15T10:21:53Z,63,77,113,263
matrix_multiplication,2017-07-15T10:21:54Z,63,78,125,199
matrix_multiplication,2017-07-15T10:21:55Z,62,68,98,376
matrix_multiplication,2017-07-15T10:21:56Z,62,76,108,297
matrix_multiplication,2017-07-15T10:21:57Z,63,78,107,209
matrix_multiplication,2017-07-15T10:21:58Z,63,78,139,235
matrix_multiplication,2017-07-15T10:21:59Z,63,68,120,206
matrix_multiplication,2017-07-15T10:22:00Z,63,78,112,144
matrix_multiplication,2017-07-15T10:22:01Z,63,67,94,296
matrix_multiplication,2017-07-15T10:22:02Z,63,78,107,161
matrix_multiplication,2017-07-15T10:22:03Z,63,67,98,125
matrix_multiplication,2017-07-15T10:22:04Z,62,77,109,189
matrix_multiplication,2017-07-15T10:22:05Z,62,67,128,140
matrix_multiplication,2017-07-15T10:22:06Z,62,67,94,174
matrix_multiplication,2017-07-15T10:22:07Z,62,68,110,438
matrix_multiplication,2017-07-15T10:22:08Z,62,67,95,266
matrix_multiplication,2017-07-15T10:22:09Z,62,78,110,156
matrix_multiplication,2017-07-15T10:22:10Z,62,69,109,248
matrix_multiplication,2017-07-15T10:22:11Z,62,66,120,207
matrix_multiplication,2017-07-15T10:22:12Z,62,76,114,153
matrix_multiplication,2017-07-15T10:22:13Z,63,78,125,171
matrix_multiplication,2017-07-15T10:22:14Z,63,78,125,208
matrix_multiplication,2017-07-15T10:22:15Z,63,78,95,139
matrix_multiplication,2017-07-15T10:22:16Z,63,77,136,208
matrix_multiplication,2017-07-15T10:22:17Z,63,78,127,157
matrix_multiplication,2017-07-15T10:22:18Z,62,77,97,125
matrix_multiplication,2017-07-15T10:22:19Z,63,78,139,407
matrix_multiplication,2017-07-15T10:22:20Z,63,68,141,263
matrix_multiplication,2017-07-15T10:22:21Z,63,78,125,267
matrix_multiplication,2017-07-15T10:22:22Z,62,67,124,484
matrix_multiplication,2017-07-15T10:22:23Z,62,78,168,220
matrix_multiplication,2017-07-15T10:22:24Z,63,68,96,135
matrix_multiplication,2017-07-15T10:22:25Z,60,63,78,139
matrix_multiplication,2017-07-15T10:22:26Z,60,63,78,139
matrix_multiplication,2017-07-15T10:22:27Z,174,174,201,201
matrix_multiplication,2017-07-15T10:22:28Z,174,174,201,201
matrix_multiplication,2017-07-15T10:22:29Z,66,79,111,111
matrix_multiplication,2017-07-15T10:22:30Z,66,79,111,111
matrix_multiplication,2017-07-15T10:22:31Z,63,78,110,156
matrix_multiplication,2017-07-15T10:22:32Z,62,97,136,136
matrix_multiplication,2017-07-15T10:22:33Z,62,97,136,136
matrix_multiplication,2017-07-15T10:22:34Z,64,79,255,830
matrix_multiplication,2017-07-15T10:22:35Z,63,78,110,156
matrix_multiplication,2017-07-15T10:22:36Z,62,71,119,189
matrix_multiplication,2017-07-15T10:22:37Z,62,66,98,140
matrix_multiplication,2017-07-15T10:22:38Z,62,67,110,234
matrix_multiplication,2017-07-15T10:22:39Z,62,67,91,354
matrix_multiplication,2017-07-15T10:22:40Z,63,68,157,390
matrix_multiplication,2017-07-15T10:22:41Z,62,67,113,314
matrix_multiplication,2017-07-15T10:22:42Z,63,75,125,172
matrix_multiplication,2017-07-15T10:22:43Z,63,78,330,610
matrix_multiplication,2017-07-15T10:22:44Z,62,73,130,221
matrix_multiplication,2017-07-15T10:22:45Z,62,67,157,313
matrix_multiplication,2017-07-15T10:22:46Z,62,78,175,219
matrix_multiplication,2017-07-15T10:22:47Z,63,78,188,327
matrix_multiplication,2017-07-15T10:22:48Z,63,66,111,230
matrix_multiplication,2017-07-15T10:22:49Z,63,78,110,356
matrix_multiplication,2017-07-15T10:22:50Z,63,78,141,235
matrix_multiplication,2017-07-15T10:22:51Z,63,78,97,158
matrix_multiplication,2017-07-15T10:22:52Z,63,78,136,593
matrix_multiplication,2017-07-15T10:22:53Z,62,67,125,270
matrix_multiplication,2017-07-15T10:22:54Z,62,77,109,237
matrix_multiplication,2017-07-15T10:22:55Z,62,78,125,264
matrix_multiplication,2017-07-15T10:22:56Z,63,77,128,387
matrix_multiplication,2017-07-15T10:22:57Z,62,77,173,422
matrix_multiplication,2017-07-15T10:22:58Z,63,76,172,360
matrix_multiplication,2017-07-15T10:22:59Z,62,77,155,201
matrix_multiplication,2017-07-15T10:23:00Z,62,66,93,266
matrix_multiplication,2017-07-15T10:23:01Z,63,78,108,234
matrix_multiplication,2017-07-15T10:23:02Z,62,67,109,187
matrix_multiplication,2017-07-15T10:23:03Z,63,78,109,203
matrix_multiplication,2017-07-15T10:23:04Z,63,67,105,377
matrix_multiplication,2017-07-15T10:23:05Z,62,75,125,231
matrix_multiplication,2017-07-15T10:23:06Z,62,75,110,230
matrix_multiplication,2017-07-15T10:23:07Z,63,78,154,266
matrix_multiplication,2017-07-15T10:23:08Z,62,65,80,219
matrix_multiplication,2017-07-15T10:23:09Z,63,68,109,128
matrix_multiplication,2017-07-15T10:23:10Z,63,78,109,154
matrix_multiplication,2017-07-15T10:23:11Z,62,66,110,309
matrix_multiplication,2017-07-15T10:23:12Z,62,64,88,206
matrix_multiplication,2017-07-15T10:23:13Z,62,69,110,126
matrix_multiplication,2017-07-15T10:23:14Z,62,67,96,238
matrix_multiplication,2017-07-15T10:23:15Z,63,67,111,191
matrix_multiplication,2017-07-15T10:23:16Z,63,78,144,224
matrix_multiplication,2017-07-15T10:23:17Z,62,78,114,325
matrix_multiplication,2017-07-15T10:23:18Z,62,67,140,328
matrix_multiplication,2017-07-15T10:23:19Z,63,78,127,157